record_id,raw_note,normalized_note,has_note,note_template_id,source_frequency,structured_labels,label_source,review_status
1,"Ya fue cliente en 2023, se retiró por precio.","Ya fue cliente en 2023, se retiró por precio.",True,NOTE-003,12,"{""requirements"": [], ""signals"": [""former_customer"", ""price_sensitive""], ""constraints"": [], ""priority"": ""normal"", ""action"": ""continue"", ""details"": {""unvalidated_source"": false, ""former_customer"": true, ""price_sensitive"": true, ""competitive_process"": false, ""existing_contract"": false, ""referral_from_current_account"": false, ""low_interest"": false, ""seniority_requested"": false, ""sector_expertise_requested"": false, ""do_not_contact"": false, ""possible_duplicate"": false, ""requires_manual_review"": false, ""account_complexity"": ""unknown"", ""urgency"": ""normal"", ""preferred_contact_channel"": null, ""data_confidence"": ""medium"", ""assignment_action"": ""continue"", ""decision_maker_type"": null, ""technical_expertise"": null, ""decision_window"": null, ""contact_after_time"": null, ""site_count"": null, ""competitor_count"": null}, ""needs_review"": false, ""reason_codes"": [""FORMER_CUSTOMER"", ""PRICE_SENSITIVE""]}",approved_golden_with_context_rule,approved
2,"Ya fue cliente en 2023, se retiró por precio.","Ya fue cliente en 2023, se retiró por precio.",True,NOTE-003,12,"{""requirements"": [], ""signals"": [""former_customer"", ""price_sensitive""], ""constraints"": [], ""priority"": ""normal"", ""action"": ""continue"", ""details"": {""unvalidated_source"": false, ""former_customer"": true, ""price_sensitive"": true, ""competitive_process"": false, ""existing_contract"": false, ""referral_from_current_account"": false, ""low_interest"": false, ""seniority_requested"": false, ""sector_expertise_requested"": false, ""do_not_contact"": false, ""possible_duplicate"": false, ""requires_manual_review"": false, ""account_complexity"": ""unknown"", ""urgency"": ""normal"", ""preferred_contact_channel"": null, ""data_confidence"": ""medium"", ""assignment_action"": ""continue"", ""decision_maker_type"": null, ""technical_expertise"": null, ""decision_window"": null, ""contact_after_time"": null, ""site_count"": null, ""competitor_count"": null}, ""needs_review"": false, ""reason_codes"": [""FORMER_CUSTOMER"", ""PRICE_SENSITIVE""]}",approved_golden_with_context_rule,approved
3,"Dejó los datos en el stand de la feria, mostró poco interés.","Dejó los datos en el stand de la feria, mostró poco interés.",True,NOTE-010,8,"{""requirements"": [], ""signals"": [""low_interest""], ""constraints"": [], ""priority"": ""low"", ""action"": ""continue"", ""details"": {""unvalidated_source"": false, ""former_customer"": false, ""price_sensitive"": false, ""competitive_process"": false, ""existing_contract"": false, ""referral_from_current_account"": false, ""low_interest"": true, ""seniority_requested"": false, ""sector_expertise_requested"": false, ""do_not_contact"": false, ""possible_duplicate"": false, ""requires_manual_review"": false, ""account_complexity"": ""unknown"", ""urgency"": ""low"", ""preferred_contact_channel"": null, ""data_confidence"": ""medium"", ""assignment_action"": ""continue"", ""decision_maker_type"": null, ""technical_expertise"": null, ""decision_window"": null, ""contact_after_time"": null, ""site_count"": null, ""competitor_count"": null}, ""needs_review"": false, ""reason_codes"": [""LOW_INTEREST"", ""URGENCY""]}",approved_golden_with_context_rule,approved
4,Llamar únicamente después de las 2 pm.,Llamar únicamente después de las 2 pm.,True,NOTE-012,6,"{""requirements"": [], ""signals"": [], ""constraints"": [""contact_after_time""], ""priority"": ""normal"", ""action"": ""continue"", ""details"": {""unvalidated_source"": false, ""former_customer"": false, ""price_sensitive"": false, ""competitive_process"": false, ""existing_contract"": false, ""referral_from_current_account"": false, ""low_interest"": false, ""seniority_requested"": false, ""sector_expertise_requested"": false, ""do_not_contact"": false, ""possible_duplicate"": false, ""requires_manual_review"": false, ""account_complexity"": ""unknown"", ""urgency"": ""normal"", ""preferred_contact_channel"": ""phone"", ""data_confidence"": ""medium"", ""assignment_action"": ""continue"", ""decision_maker_type"": null, ""technical_expertise"": null, ""decision_window"": null, ""contact_after_time"": ""14:00"", ""site_count"": null, ""competitor_count"": null}, ""needs_review"": false, ""reason_codes"": [""CONTACT_AFTER_TIME"", ""CONTACT_CHANNEL""]}",approved_golden_with_context_rule,approved
5,"Registro cargado desde base comprada, sin validar.","Registro cargado desde base comprada, sin validar.",True,NOTE-001,18,"{""requirements"": [], ""signals"": [""unvalidated_source""], ""constraints"": [], ""priority"": ""normal"", ""action"": ""validate_first"", ""details"": {""unvalidated_source"": true, ""former_customer"": false, ""price_sensitive"": false, ""competitive_process"": false, ""existing_contract"": false, ""referral_from_current_account"": false, ""low_interest"": false, ""seniority_requested"": false, ""sector_expertise_requested"": false, ""do_not_contact"": false, ""possible_duplicate"": false, ""requires_manual_review"": false, ""account_complexity"": ""unknown"", ""urgency"": ""normal"", ""preferred_contact_channel"": null, ""data_confidence"": ""low"", ""assignment_action"": ""validate_first"", ""decision_maker_type"": null, ""technical_expertise"": null, ""decision_window"": null, ""contact_after_time"": null, ""site_count"": null, ""competitor_count"": null}, ""needs_review"": false, ""reason_codes"": [""ACTION"", ""DATA_CONFIDENCE"", ""UNVALIDATED_SOURCE""]}",approved_golden_with_context_rule,approved
6,"Empresa familiar, decide el dueño directamente.","Empresa familiar, decide el dueño directamente.",True,NOTE-002,13,"{""requirements"": [], ""signals"": [], ""constraints"": [], ""priority"": ""normal"", ""action"": ""continue"", ""details"": {""unvalidated_source"": false, ""former_customer"": false, ""price_sensitive"": false, ""competitive_process"": false, ""existing_contract"": false, ""referral_from_current_account"": false, ""low_interest"": false, ""seniority_requested"": false, ""sector_expertise_requested"": false, ""do_not_contact"": false, ""possible_duplicate"": false, ""requires_manual_review"": false, ""account_complexity"": ""unknown"", ""urgency"": ""normal"", ""preferred_contact_channel"": null, ""data_confidence"": ""medium"", ""assignment_action"": ""continue"", ""decision_maker_type"": ""owner"", ""technical_expertise"": null, ""decision_window"": null, ""contact_after_time"": null, ""site_count"": null, ""competitor_count"": null}, ""needs_review"": false, ""reason_codes"": [""OWNER_DECISION_MAKER""]}",approved_golden_with_context_rule,approved
7,"Registro cargado desde base comprada, sin validar.","Registro cargado desde base comprada, sin validar.",True,NOTE-001,18,"{""requirements"": [], ""signals"": [""unvalidated_source""], ""constraints"": [], ""priority"": ""normal"", ""action"": ""validate_first"", ""details"": {""unvalidated_source"": true, ""former_customer"": false, ""price_sensitive"": false, ""competitive_process"": false, ""existing_contract"": false, ""referral_from_current_account"": false, ""low_interest"": false, ""seniority_requested"": false, ""sector_expertise_requested"": false, ""do_not_contact"": false, ""possible_duplicate"": false, ""requires_manual_review"": false, ""account_complexity"": ""unknown"", ""urgency"": ""normal"", ""preferred_contact_channel"": null, ""data_confidence"": ""low"", ""assignment_action"": ""validate_first"", ""decision_maker_type"": null, ""technical_expertise"": null, ""decision_window"": null, ""contact_after_time"": null, ""site_count"": null, ""competitor_count"": null}, ""needs_review"": false, ""reason_codes"": [""ACTION"", ""DATA_CONFIDENCE"", ""UNVALIDATED_SOURCE""]}",approved_golden_with_context_rule,approved
8,Pidió que lo contacte alguien que conozca el sector.,Pidió que lo contacte alguien que conozca el sector.,True,NOTE-013,6,"{""requirements"": [""sector_expertise_requested""], ""signals"": [], ""constraints"": [], ""priority"": ""normal"", ""action"": ""continue"", ""details"": {""unvalidated_source"": false, ""former_customer"": false, ""price_sensitive"": false, ""competitive_process"": false, ""existing_contract"": false, ""referral_from_current_account"": false, ""low_interest"": false, ""seniority_requested"": false, ""sector_expertise_requested"": true, ""do_not_contact"": false, ""possible_duplicate"": false, ""requires_manual_review"": true, ""account_complexity"": ""unknown"", ""urgency"": ""normal"", ""preferred_contact_channel"": null, ""data_confidence"": ""medium"", ""assignment_action"": ""continue"", ""decision_maker_type"": null, ""technical_expertise"": null, ""decision_window"": null, ""contact_after_time"": null, ""site_count"": null, ""competitor_count"": null}, ""needs_review"": true, ""reason_codes"": [""REQUIRES_MANUAL_REVIEW"", ""SECTOR_EXPERTISE_REQUESTED""]}",approved_golden_with_context_rule,approved
9,"Correo rebotado, el celular sí contesta.","Correo rebotado, el celular sí contesta.",True,NOTE-005,11,"{""requirements"": [], ""signals"": [], ""constraints"": [], ""priority"": ""normal"", ""action"": ""continue"", ""details"": {""unvalidated_source"": false, ""former_customer"": false, ""price_sensitive"": false, ""competitive_process"": false, ""existing_contract"": false, ""referral_from_current_account"": false, ""low_interest"": false, ""seniority_requested"": false, ""sector_expertise_requested"": false, ""do_not_contact"": false, ""possible_duplicate"": false, ""requires_manual_review"": false, ""account_complexity"": ""unknown"", ""urgency"": ""normal"", ""preferred_contact_channel"": ""phone"", ""data_confidence"": ""medium"", ""assignment_action"": ""continue"", ""decision_maker_type"": null, ""technical_expertise"": null, ""decision_window"": null, ""contact_after_time"": null, ""site_count"": null, ""competitor_count"": null}, ""needs_review"": false, ""reason_codes"": [""CONTACT_CHANNEL""]}",approved_golden_with_context_rule,approved
10,"Empresa familiar, decide el dueño directamente.","Empresa familiar, decide el dueño directamente.",True,NOTE-002,13,"{""requirements"": [], ""signals"": [], ""constraints"": [], ""priority"": ""normal"", ""action"": ""continue"", ""details"": {""unvalidated_source"": false, ""former_customer"": false, ""price_sensitive"": false, ""competitive_process"": false, ""existing_contract"": false, ""referral_from_current_account"": false, ""low_interest"": false, ""seniority_requested"": false, ""sector_expertise_requested"": false, ""do_not_contact"": false, ""possible_duplicate"": false, ""requires_manual_review"": false, ""account_complexity"": ""unknown"", ""urgency"": ""normal"", ""preferred_contact_channel"": null, ""data_confidence"": ""medium"", ""assignment_action"": ""continue"", ""decision_maker_type"": ""owner"", ""technical_expertise"": null, ""decision_window"": null, ""contact_after_time"": null, ""site_count"": null, ""competitor_count"": null}, ""needs_review"": false, ""reason_codes"": [""OWNER_DECISION_MAKER""]}",approved_golden_with_context_rule,approved
11,,,False,,0,"{""requirements"": [], ""signals"": [], ""constraints"": [], ""priority"": ""normal"", ""action"": ""continue"", ""details"": {""unvalidated_source"": false, ""former_customer"": false, ""price_sensitive"": false, ""competitive_process"": false, ""existing_contract"": false, ""referral_from_current_account"": false, ""low_interest"": false, ""seniority_requested"": false, ""sector_expertise_requested"": false, ""do_not_contact"": false, ""possible_duplicate"": false, ""requires_manual_review"": false, ""account_complexity"": ""unknown"", ""urgency"": ""normal"", ""preferred_contact_channel"": null, ""data_confidence"": ""medium"", ""assignment_action"": ""continue"", ""decision_maker_type"": null, ""technical_expertise"": null, ""decision_window"": null, ""contact_after_time"": null, ""site_count"": null, ""competitor_count"": null}, ""needs_review"": false, ""reason_codes"": []}",empty_note_default,not_applicable
12,"Está comparando tres propuestas, decide este mes.","Está comparando tres propuestas, decide este mes.",True,NOTE-006,11,"{""requirements"": [], ""signals"": [""competitive_process""], ""constraints"": [], ""priority"": ""high"", ""action"": ""continue"", ""details"": {""unvalidated_source"": false, ""former_customer"": false, ""price_sensitive"": false, ""competitive_process"": true, ""existing_contract"": false, ""referral_from_current_account"": false, ""low_interest"": false, ""seniority_requested"": false, ""sector_expertise_requested"": false, ""do_not_contact"": false, ""possible_duplicate"": false, ""requires_manual_review"": false, ""account_complexity"": ""unknown"", ""urgency"": ""high"", ""preferred_contact_channel"": null, ""data_confidence"": ""medium"", ""assignment_action"": ""continue"", ""decision_maker_type"": null, ""technical_expertise"": null, ""decision_window"": ""this_month"", ""contact_after_time"": null, ""site_count"": null, ""competitor_count"": 3}, ""needs_review"": false, ""reason_codes"": [""COMPETITIVE_PROCESS"", ""COMPETITOR_COUNT"", ""DECISION_WINDOW"", ""URGENCY""]}",approved_golden_with_context_rule,approved
13,Tiene contrato vigente con otro proveedor hasta diciembre.,Tiene contrato vigente con otro proveedor hasta diciembre.,True,NOTE-007,10,"{""requirements"": [], ""signals"": [""existing_contract""], ""constraints"": [], ""priority"": ""future"", ""action"": ""schedule_later"", ""details"": {""unvalidated_source"": false, ""former_customer"": false, ""price_sensitive"": false, ""competitive_process"": false, ""existing_contract"": true, ""referral_from_current_account"": false, ""low_interest"": false, ""seniority_requested"": false, ""sector_expertise_requested"": false, ""do_not_contact"": false, ""possible_duplicate"": false, ""requires_manual_review"": false, ""account_complexity"": ""unknown"", ""urgency"": ""future"", ""preferred_contact_channel"": null, ""data_confidence"": ""medium"", ""assignment_action"": ""schedule_later"", ""decision_maker_type"": null, ""technical_expertise"": null, ""decision_window"": ""december"", ""contact_after_time"": null, ""site_count"": null, ""competitor_count"": null}, ""needs_review"": false, ""reason_codes"": [""ACTION"", ""DECISION_WINDOW"", ""EXISTING_CONTRACT"", ""URGENCY""]}",approved_golden_with_context_rule,approved
14,,,False,,0,"{""requirements"": [], ""signals"": [], ""constraints"": [], ""priority"": ""normal"", ""action"": ""continue"", ""details"": {""unvalidated_source"": false, ""former_customer"": false, ""price_sensitive"": false, ""competitive_process"": false, ""existing_contract"": false, ""referral_from_current_account"": false, ""low_interest"": false, ""seniority_requested"": false, ""sector_expertise_requested"": false, ""do_not_contact"": false, ""possible_duplicate"": false, ""requires_manual_review"": false, ""account_complexity"": ""unknown"", ""urgency"": ""normal"", ""preferred_contact_channel"": null, ""data_confidence"": ""medium"", ""assignment_action"": ""continue"", ""decision_maker_type"": null, ""technical_expertise"": null, ""decision_window"": null, ""contact_after_time"": null, ""site_count"": null, ""competitor_count"": null}, ""needs_review"": false, ""reason_codes"": []}",empty_note_default,not_applicable
15,"Registro cargado desde base comprada, sin validar.","Registro cargado desde base comprada, sin validar.",True,NOTE-001,18,"{""requirements"": [], ""signals"": [""unvalidated_source""], ""constraints"": [], ""priority"": ""normal"", ""action"": ""validate_first"", ""details"": {""unvalidated_source"": true, ""former_customer"": false, ""price_sensitive"": false, ""competitive_process"": false, ""existing_contract"": false, ""referral_from_current_account"": false, ""low_interest"": false, ""seniority_requested"": false, ""sector_expertise_requested"": false, ""do_not_contact"": false, ""possible_duplicate"": false, ""requires_manual_review"": false, ""account_complexity"": ""unknown"", ""urgency"": ""normal"", ""preferred_contact_channel"": null, ""data_confidence"": ""low"", ""assignment_action"": ""validate_first"", ""decision_maker_type"": null, ""technical_expertise"": null, ""decision_window"": null, ""contact_after_time"": null, ""site_count"": null, ""competitor_count"": null}, ""needs_review"": false, ""reason_codes"": [""ACTION"", ""DATA_CONFIDENCE"", ""UNVALIDATED_SOURCE""]}",approved_golden_with_context_rule,approved
16,Solicitó información de eficiencia energética para planta nueva.,Solicitó información de eficiencia energética para planta nueva.,True,NOTE-008,10,"{""requirements"": [""technical_expertise""], ""signals"": [], ""constraints"": [], ""priority"": ""normal"", ""action"": ""continue"", ""details"": {""unvalidated_source"": false, ""former_customer"": false, ""price_sensitive"": false, ""competitive_process"": false, ""existing_contract"": false, ""referral_from_current_account"": false, ""low_interest"": false, ""seniority_requested"": false, ""sector_expertise_requested"": false, ""do_not_contact"": false, ""possible_duplicate"": false, ""requires_manual_review"": false, ""account_complexity"": ""high"", ""urgency"": ""normal"", ""preferred_contact_channel"": null, ""data_confidence"": ""medium"", ""assignment_action"": ""continue"", ""decision_maker_type"": null, ""technical_expertise"": ""energy_efficiency"", ""decision_window"": null, ""contact_after_time"": null, ""site_count"": null, ""competitor_count"": null}, ""needs_review"": false, ""reason_codes"": [""COMPLEX_ACCOUNT"", ""ENERGY_EFFICIENCY""]}",approved_golden_with_context_rule,approved
17,"Está comparando tres propuestas, decide este mes.","Está comparando tres propuestas, decide este mes.",True,NOTE-006,11,"{""requirements"": [], ""signals"": [""competitive_process""], ""constraints"": [], ""priority"": ""high"", ""action"": ""continue"", ""details"": {""unvalidated_source"": false, ""former_customer"": false, ""price_sensitive"": false, ""competitive_process"": true, ""existing_contract"": false, ""referral_from_current_account"": false, ""low_interest"": false, ""seniority_requested"": false, ""sector_expertise_requested"": false, ""do_not_contact"": false, ""possible_duplicate"": false, ""requires_manual_review"": false, ""account_complexity"": ""unknown"", ""urgency"": ""high"", ""preferred_contact_channel"": null, ""data_confidence"": ""medium"", ""assignment_action"": ""continue"", ""decision_maker_type"": null, ""technical_expertise"": null, ""decision_window"": ""this_month"", ""contact_after_time"": null, ""site_count"": null, ""competitor_count"": 3}, ""needs_review"": false, ""reason_codes"": [""COMPETITIVE_PROCESS"", ""COMPETITOR_COUNT"", ""DECISION_WINDOW"", ""URGENCY""]}",approved_golden_with_context_rule,approved
18,,,False,,0,"{""requirements"": [], ""signals"": [], ""constraints"": [], ""priority"": ""normal"", ""action"": ""continue"", ""details"": {""unvalidated_source"": false, ""former_customer"": false, ""price_sensitive"": false, ""competitive_process"": false, ""existing_contract"": false, ""referral_from_current_account"": false, ""low_interest"": false, ""seniority_requested"": false, ""sector_expertise_requested"": false, ""do_not_contact"": false, ""possible_duplicate"": false, ""requires_manual_review"": false, ""account_complexity"": ""unknown"", ""urgency"": ""normal"", ""preferred_contact_channel"": null, ""data_confidence"": ""medium"", ""assignment_action"": ""continue"", ""decision_maker_type"": null, ""technical_expertise"": null, ""decision_window"": null, ""contact_after_time"": null, ""site_count"": null, ""competitor_count"": null}, ""needs_review"": false, ""reason_codes"": []}",empty_note_default,not_applicable
19,"Quiere propuesta para siete sedes, no para una.","Quiere propuesta para siete sedes, no para una.",True,NOTE-004,12,"{""requirements"": [], ""signals"": [], ""constraints"": [], ""priority"": ""normal"", ""action"": ""continue"", ""details"": {""unvalidated_source"": false, ""former_customer"": false, ""price_sensitive"": false, ""competitive_process"": false, ""existing_contract"": false, ""referral_from_current_account"": false, ""low_interest"": false, ""seniority_requested"": false, ""sector_expertise_requested"": false, ""do_not_contact"": false, ""possible_duplicate"": false, ""requires_manual_review"": false, ""account_complexity"": ""high"", ""urgency"": ""normal"", ""preferred_contact_channel"": null, ""data_confidence"": ""medium"", ""assignment_action"": ""continue"", ""decision_maker_type"": null, ""technical_expertise"": null, ""decision_window"": null, ""contact_after_time"": null, ""site_count"": 7, ""competitor_count"": null}, ""needs_review"": false, ""reason_codes"": [""COMPLEX_ACCOUNT"", ""SITE_COUNT""]}",approved_golden_with_context_rule,approved
20,"Quiere propuesta para siete sedes, no para una.","Quiere propuesta para siete sedes, no para una.",True,NOTE-004,12,"{""requirements"": [], ""signals"": [], ""constraints"": [], ""priority"": ""normal"", ""action"": ""continue"", ""details"": {""unvalidated_source"": false, ""former_customer"": false, ""price_sensitive"": false, ""competitive_process"": false, ""existing_contract"": false, ""referral_from_current_account"": false, ""low_interest"": false, ""seniority_requested"": false, ""sector_expertise_requested"": false, ""do_not_contact"": false, ""possible_duplicate"": false, ""requires_manual_review"": false, ""account_complexity"": ""high"", ""urgency"": ""normal"", ""preferred_contact_channel"": null, ""data_confidence"": ""medium"", ""assignment_action"": ""continue"", ""decision_maker_type"": null, ""technical_expertise"": null, ""decision_window"": null, ""contact_after_time"": null, ""site_count"": 7, ""competitor_count"": null}, ""needs_review"": false, ""reason_codes"": [""COMPLEX_ACCOUNT"", ""SITE_COUNT""]}",approved_golden_with_context_rule,approved
21,Lo refirió el gerente de una cuenta actual.,Lo refirió el gerente de una cuenta actual.,True,NOTE-009,9,"{""requirements"": [], ""signals"": [""referral_from_current_account""], ""constraints"": [], ""priority"": ""normal"", ""action"": ""continue"", ""details"": {""unvalidated_source"": false, ""former_customer"": false, ""price_sensitive"": false, ""competitive_process"": false, ""existing_contract"": false, ""referral_from_current_account"": true, ""low_interest"": false, ""seniority_requested"": false, ""sector_expertise_requested"": false, ""do_not_contact"": false, ""possible_duplicate"": false, ""requires_manual_review"": false, ""account_complexity"": ""unknown"", ""urgency"": ""normal"", ""preferred_contact_channel"": null, ""data_confidence"": ""high"", ""assignment_action"": ""continue"", ""decision_maker_type"": null, ""technical_expertise"": null, ""decision_window"": null, ""contact_after_time"": null, ""site_count"": null, ""competitor_count"": null}, ""needs_review"": false, ""reason_codes"": [""DATA_CONFIDENCE"", ""REFERRAL_FROM_CURRENT_ACCOUNT""]}",approved_golden_with_context_rule,approved
22,"Dejó los datos en el stand de la feria, mostró poco interés.","Dejó los datos en el stand de la feria, mostró poco interés.",True,NOTE-010,8,"{""requirements"": [], ""signals"": [""low_interest""], ""constraints"": [], ""priority"": ""low"", ""action"": ""continue"", ""details"": {""unvalidated_source"": false, ""former_customer"": false, ""price_sensitive"": false, ""competitive_process"": false, ""existing_contract"": false, ""referral_from_current_account"": false, ""low_interest"": true, ""seniority_requested"": false, ""sector_expertise_requested"": false, ""do_not_contact"": false, ""possible_duplicate"": false, ""requires_manual_review"": false, ""account_complexity"": ""unknown"", ""urgency"": ""low"", ""preferred_contact_channel"": null, ""data_confidence"": ""medium"", ""assignment_action"": ""continue"", ""decision_maker_type"": null, ""technical_expertise"": null, ""decision_window"": null, ""contact_after_time"": null, ""site_count"": null, ""competitor_count"": null}, ""needs_review"": false, ""reason_codes"": [""LOW_INTEREST"", ""URGENCY""]}",approved_golden_with_context_rule,approved
23,,,False,,0,"{""requirements"": [], ""signals"": [], ""constraints"": [], ""priority"": ""normal"", ""action"": ""continue"", ""details"": {""unvalidated_source"": false, ""former_customer"": false, ""price_sensitive"": false, ""competitive_process"": false, ""existing_contract"": false, ""referral_from_current_account"": false, ""low_interest"": false, ""seniority_requested"": false, ""sector_expertise_requested"": false, ""do_not_contact"": false, ""possible_duplicate"": false, ""requires_manual_review"": false, ""account_complexity"": ""unknown"", ""urgency"": ""normal"", ""preferred_contact_channel"": null, ""data_confidence"": ""medium"", ""assignment_action"": ""continue"", ""decision_maker_type"": null, ""technical_expertise"": null, ""decision_window"": null, ""contact_after_time"": null, ""site_count"": null, ""competitor_count"": null}, ""needs_review"": false, ""reason_codes"": []}",empty_note_default,not_applicable
24,"Quiere propuesta para siete sedes, no para una.","Quiere propuesta para siete sedes, no para una.",True,NOTE-004,12,"{""requirements"": [], ""signals"": [], ""constraints"": [], ""priority"": ""normal"", ""action"": ""continue"", ""details"": {""unvalidated_source"": false, ""former_customer"": false, ""price_sensitive"": false, ""competitive_process"": false, ""existing_contract"": false, ""referral_from_current_account"": false, ""low_interest"": false, ""seniority_requested"": false, ""sector_expertise_requested"": false, ""do_not_contact"": false, ""possible_duplicate"": false, ""requires_manual_review"": false, ""account_complexity"": ""high"", ""urgency"": ""normal"", ""preferred_contact_channel"": null, ""data_confidence"": ""medium"", ""assignment_action"": ""continue"", ""decision_maker_type"": null, ""technical_expertise"": null, ""decision_window"": null, ""contact_after_time"": null, ""site_count"": 7, ""competitor_count"": null}, ""needs_review"": false, ""reason_codes"": [""COMPLEX_ACCOUNT"", ""SITE_COUNT""]}",approved_golden_with_context_rule,approved
25,Llamar únicamente después de las 2 pm.,Llamar únicamente después de las 2 pm.,True,NOTE-012,6,"{""requirements"": [], ""signals"": [], ""constraints"": [""contact_after_time""], ""priority"": ""normal"", ""action"": ""continue"", ""details"": {""unvalidated_source"": false, ""former_customer"": false, ""price_sensitive"": false, ""competitive_process"": false, ""existing_contract"": false, ""referral_from_current_account"": false, ""low_interest"": false, ""seniority_requested"": false, ""sector_expertise_requested"": false, ""do_not_contact"": false, ""possible_duplicate"": false, ""requires_manual_review"": false, ""account_complexity"": ""unknown"", ""urgency"": ""normal"", ""preferred_contact_channel"": ""phone"", ""data_confidence"": ""medium"", ""assignment_action"": ""continue"", ""decision_maker_type"": null, ""technical_expertise"": null, ""decision_window"": null, ""contact_after_time"": ""14:00"", ""site_count"": null, ""competitor_count"": null}, ""needs_review"": false, ""reason_codes"": [""CONTACT_AFTER_TIME"", ""CONTACT_CHANNEL""]}",approved_golden_with_context_rule,approved
26,"Ya fue cliente en 2023, se retiró por precio.","Ya fue cliente en 2023, se retiró por precio.",True,NOTE-003,12,"{""requirements"": [], ""signals"": [""former_customer"", ""price_sensitive""], ""constraints"": [], ""priority"": ""normal"", ""action"": ""continue"", ""details"": {""unvalidated_source"": false, ""former_customer"": true, ""price_sensitive"": true, ""competitive_process"": false, ""existing_contract"": false, ""referral_from_current_account"": false, ""low_interest"": false, ""seniority_requested"": false, ""sector_expertise_requested"": false, ""do_not_contact"": false, ""possible_duplicate"": false, ""requires_manual_review"": false, ""account_complexity"": ""unknown"", ""urgency"": ""normal"", ""preferred_contact_channel"": null, ""data_confidence"": ""medium"", ""assignment_action"": ""continue"", ""decision_maker_type"": null, ""technical_expertise"": null, ""decision_window"": null, ""contact_after_time"": null, ""site_count"": null, ""competitor_count"": null}, ""needs_review"": false, ""reason_codes"": [""FORMER_CUSTOMER"", ""PRICE_SENSITIVE""]}",approved_golden_with_context_rule,approved
27,Tiene contrato vigente con otro proveedor hasta diciembre.,Tiene contrato vigente con otro proveedor hasta diciembre.,True,NOTE-007,10,"{""requirements"": [], ""signals"": [""existing_contract""], ""constraints"": [], ""priority"": ""future"", ""action"": ""schedule_later"", ""details"": {""unvalidated_source"": false, ""former_customer"": false, ""price_sensitive"": false, ""competitive_process"": false, ""existing_contract"": true, ""referral_from_current_account"": false, ""low_interest"": false, ""seniority_requested"": false, ""sector_expertise_requested"": false, ""do_not_contact"": false, ""possible_duplicate"": false, ""requires_manual_review"": false, ""account_complexity"": ""unknown"", ""urgency"": ""future"", ""preferred_contact_channel"": null, ""data_confidence"": ""medium"", ""assignment_action"": ""schedule_later"", ""decision_maker_type"": null, ""technical_expertise"": null, ""decision_window"": ""december"", ""contact_after_time"": null, ""site_count"": null, ""competitor_count"": null}, ""needs_review"": false, ""reason_codes"": [""ACTION"", ""DECISION_WINDOW"", ""EXISTING_CONTRACT"", ""URGENCY""]}",approved_golden_with_context_rule,approved
28,Lo refirió el gerente de una cuenta actual.,Lo refirió el gerente de una cuenta actual.,True,NOTE-009,9,"{""requirements"": [], ""signals"": [""referral_from_current_account""], ""constraints"": [], ""priority"": ""normal"", ""action"": ""continue"", ""details"": {""unvalidated_source"": false, ""former_customer"": false, ""price_sensitive"": false, ""competitive_process"": false, ""existing_contract"": false, ""referral_from_current_account"": true, ""low_interest"": false, ""seniority_requested"": false, ""sector_expertise_requested"": false, ""do_not_contact"": false, ""possible_duplicate"": false, ""requires_manual_review"": false, ""account_complexity"": ""unknown"", ""urgency"": ""normal"", ""preferred_contact_channel"": null, ""data_confidence"": ""high"", ""assignment_action"": ""continue"", ""decision_maker_type"": null, ""technical_expertise"": null, ""decision_window"": null, ""contact_after_time"": null, ""site_count"": null, ""competitor_count"": null}, ""needs_review"": false, ""reason_codes"": [""DATA_CONFIDENCE"", ""REFERRAL_FROM_CURRENT_ACCOUNT""]}",approved_golden_with_context_rule,approved
29,"Empresa familiar, decide el dueño directamente.","Empresa familiar, decide el dueño directamente.",True,NOTE-002,13,"{""requirements"": [], ""signals"": [], ""constraints"": [], ""priority"": ""normal"", ""action"": ""continue"", ""details"": {""unvalidated_source"": false, ""former_customer"": false, ""price_sensitive"": false, ""competitive_process"": false, ""existing_contract"": false, ""referral_from_current_account"": false, ""low_interest"": false, ""seniority_requested"": false, ""sector_expertise_requested"": false, ""do_not_contact"": false, ""possible_duplicate"": false, ""requires_manual_review"": false, ""account_complexity"": ""unknown"", ""urgency"": ""normal"", ""preferred_contact_channel"": null, ""data_confidence"": ""medium"", ""assignment_action"": ""continue"", ""decision_maker_type"": ""owner"", ""technical_expertise"": null, ""decision_window"": null, ""contact_after_time"": null, ""site_count"": null, ""competitor_count"": null}, ""needs_review"": false, ""reason_codes"": [""OWNER_DECISION_MAKER""]}",approved_golden_with_context_rule,approved
30,"Ya fue cliente en 2023, se retiró por precio.","Ya fue cliente en 2023, se retiró por precio.",True,NOTE-003,12,"{""requirements"": [], ""signals"": [""former_customer"", ""price_sensitive""], ""constraints"": [], ""priority"": ""normal"", ""action"": ""continue"", ""details"": {""unvalidated_source"": false, ""former_customer"": true, ""price_sensitive"": true, ""competitive_process"": false, ""existing_contract"": false, ""referral_from_current_account"": false, ""low_interest"": false, ""seniority_requested"": false, ""sector_expertise_requested"": false, ""do_not_contact"": false, ""possible_duplicate"": false, ""requires_manual_review"": false, ""account_complexity"": ""unknown"", ""urgency"": ""normal"", ""preferred_contact_channel"": null, ""data_confidence"": ""medium"", ""assignment_action"": ""continue"", ""decision_maker_type"": null, ""technical_expertise"": null, ""decision_window"": null, ""contact_after_time"": null, ""site_count"": null, ""competitor_count"": null}, ""needs_review"": false, ""reason_codes"": [""FORMER_CUSTOMER"", ""PRICE_SENSITIVE""]}",approved_golden_with_context_rule,approved
31,"Registro cargado desde base comprada, sin validar.","Registro cargado desde base comprada, sin validar.",True,NOTE-001,18,"{""requirements"": [], ""signals"": [""unvalidated_source""], ""constraints"": [], ""priority"": ""normal"", ""action"": ""validate_first"", ""details"": {""unvalidated_source"": true, ""former_customer"": false, ""price_sensitive"": false, ""competitive_process"": false, ""existing_contract"": false, ""referral_from_current_account"": false, ""low_interest"": false, ""seniority_requested"": false, ""sector_expertise_requested"": false, ""do_not_contact"": false, ""possible_duplicate"": false, ""requires_manual_review"": false, ""account_complexity"": ""unknown"", ""urgency"": ""normal"", ""preferred_contact_channel"": null, ""data_confidence"": ""low"", ""assignment_action"": ""validate_first"", ""decision_maker_type"": null, ""technical_expertise"": null, ""decision_window"": null, ""contact_after_time"": null, ""site_count"": null, ""competitor_count"": null}, ""needs_review"": false, ""reason_codes"": [""ACTION"", ""DATA_CONFIDENCE"", ""UNVALIDATED_SOURCE""]}",approved_golden_with_context_rule,approved
32,,,False,,0,"{""requirements"": [], ""signals"": [], ""constraints"": [], ""priority"": ""normal"", ""action"": ""continue"", ""details"": {""unvalidated_source"": false, ""former_customer"": false, ""price_sensitive"": false, ""competitive_process"": false, ""existing_contract"": false, ""referral_from_current_account"": false, ""low_interest"": false, ""seniority_requested"": false, ""sector_expertise_requested"": false, ""do_not_contact"": false, ""possible_duplicate"": false, ""requires_manual_review"": false, ""account_complexity"": ""unknown"", ""urgency"": ""normal"", ""preferred_contact_channel"": null, ""data_confidence"": ""medium"", ""assignment_action"": ""continue"", ""decision_maker_type"": null, ""technical_expertise"": null, ""decision_window"": null, ""contact_after_time"": null, ""site_count"": null, ""competitor_count"": null}, ""needs_review"": false, ""reason_codes"": []}",empty_note_default,not_applicable
33,Solicitó información de eficiencia energética para planta nueva.,Solicitó información de eficiencia energética para planta nueva.,True,NOTE-008,10,"{""requirements"": [""technical_expertise""], ""signals"": [], ""constraints"": [], ""priority"": ""normal"", ""action"": ""continue"", ""details"": {""unvalidated_source"": false, ""former_customer"": false, ""price_sensitive"": false, ""competitive_process"": false, ""existing_contract"": false, ""referral_from_current_account"": false, ""low_interest"": false, ""seniority_requested"": false, ""sector_expertise_requested"": false, ""do_not_contact"": false, ""possible_duplicate"": false, ""requires_manual_review"": false, ""account_complexity"": ""high"", ""urgency"": ""normal"", ""preferred_contact_channel"": null, ""data_confidence"": ""medium"", ""assignment_action"": ""continue"", ""decision_maker_type"": null, ""technical_expertise"": ""energy_efficiency"", ""decision_window"": null, ""contact_after_time"": null, ""site_count"": null, ""competitor_count"": null}, ""needs_review"": false, ""reason_codes"": [""COMPLEX_ACCOUNT"", ""ENERGY_EFFICIENCY""]}",approved_golden_with_context_rule,approved
34,Llamar únicamente después de las 2 pm.,Llamar únicamente después de las 2 pm.,True,NOTE-012,6,"{""requirements"": [], ""signals"": [], ""constraints"": [""contact_after_time""], ""priority"": ""normal"", ""action"": ""continue"", ""details"": {""unvalidated_source"": false, ""former_customer"": false, ""price_sensitive"": false, ""competitive_process"": false, ""existing_contract"": false, ""referral_from_current_account"": false, ""low_interest"": false, ""seniority_requested"": false, ""sector_expertise_requested"": false, ""do_not_contact"": false, ""possible_duplicate"": false, ""requires_manual_review"": false, ""account_complexity"": ""unknown"", ""urgency"": ""normal"", ""preferred_contact_channel"": ""phone"", ""data_confidence"": ""medium"", ""assignment_action"": ""continue"", ""decision_maker_type"": null, ""technical_expertise"": null, ""decision_window"": null, ""contact_after_time"": ""14:00"", ""site_count"": null, ""competitor_count"": null}, ""needs_review"": false, ""reason_codes"": [""CONTACT_AFTER_TIME"", ""CONTACT_CHANNEL""]}",approved_golden_with_context_rule,approved
35,Ya lo contactamos en marzo y pidió que no insistiéramos.,Ya lo contactamos en marzo y pidió que no insistiéramos.,True,NOTE-014,4,"{""requirements"": [], ""signals"": [], ""constraints"": [""do_not_contact""], ""priority"": ""normal"", ""action"": ""block"", ""details"": {""unvalidated_source"": false, ""former_customer"": false, ""price_sensitive"": false, ""competitive_process"": false, ""existing_contract"": false, ""referral_from_current_account"": false, ""low_interest"": false, ""seniority_requested"": false, ""sector_expertise_requested"": false, ""do_not_contact"": true, ""possible_duplicate"": false, ""requires_manual_review"": false, ""account_complexity"": ""unknown"", ""urgency"": ""normal"", ""preferred_contact_channel"": null, ""data_confidence"": ""medium"", ""assignment_action"": ""block"", ""decision_maker_type"": null, ""technical_expertise"": null, ""decision_window"": null, ""contact_after_time"": null, ""site_count"": null, ""competitor_count"": null}, ""needs_review"": false, ""reason_codes"": [""ACTION"", ""DO_NOT_CONTACT""]}",approved_golden_with_context_rule,approved
36,,,False,,0,"{""requirements"": [], ""signals"": [], ""constraints"": [], ""priority"": ""normal"", ""action"": ""continue"", ""details"": {""unvalidated_source"": false, ""former_customer"": false, ""price_sensitive"": false, ""competitive_process"": false, ""existing_contract"": false, ""referral_from_current_account"": false, ""low_interest"": false, ""seniority_requested"": false, ""sector_expertise_requested"": false, ""do_not_contact"": false, ""possible_duplicate"": false, ""requires_manual_review"": false, ""account_complexity"": ""unknown"", ""urgency"": ""normal"", ""preferred_contact_channel"": null, ""data_confidence"": ""medium"", ""assignment_action"": ""continue"", ""decision_maker_type"": null, ""technical_expertise"": null, ""decision_window"": null, ""contact_after_time"": null, ""site_count"": null, ""competitor_count"": null}, ""needs_review"": false, ""reason_codes"": []}",empty_note_default,not_applicable
37,Llamar únicamente después de las 2 pm.,Llamar únicamente después de las 2 pm.,True,NOTE-012,6,"{""requirements"": [], ""signals"": [], ""constraints"": [""contact_after_time""], ""priority"": ""normal"", ""action"": ""continue"", ""details"": {""unvalidated_source"": false, ""former_customer"": false, ""price_sensitive"": false, ""competitive_process"": false, ""existing_contract"": false, ""referral_from_current_account"": false, ""low_interest"": false, ""seniority_requested"": false, ""sector_expertise_requested"": false, ""do_not_contact"": false, ""possible_duplicate"": false, ""requires_manual_review"": false, ""account_complexity"": ""unknown"", ""urgency"": ""normal"", ""preferred_contact_channel"": ""phone"", ""data_confidence"": ""medium"", ""assignment_action"": ""continue"", ""decision_maker_type"": null, ""technical_expertise"": null, ""decision_window"": null, ""contact_after_time"": ""14:00"", ""site_count"": null, ""competitor_count"": null}, ""needs_review"": false, ""reason_codes"": [""CONTACT_AFTER_TIME"", ""CONTACT_CHANNEL""]}",approved_golden_with_context_rule,approved
38,,,False,,0,"{""requirements"": [], ""signals"": [], ""constraints"": [], ""priority"": ""normal"", ""action"": ""continue"", ""details"": {""unvalidated_source"": false, ""former_customer"": false, ""price_sensitive"": false, ""competitive_process"": false, ""existing_contract"": false, ""referral_from_current_account"": false, ""low_interest"": false, ""seniority_requested"": false, ""sector_expertise_requested"": false, ""do_not_contact"": false, ""possible_duplicate"": false, ""requires_manual_review"": false, ""account_complexity"": ""unknown"", ""urgency"": ""normal"", ""preferred_contact_channel"": null, ""data_confidence"": ""medium"", ""assignment_action"": ""continue"", ""decision_maker_type"": null, ""technical_expertise"": null, ""decision_window"": null, ""contact_after_time"": null, ""site_count"": null, ""competitor_count"": null}, ""needs_review"": false, ""reason_codes"": []}",empty_note_default,not_applicable
39,"Correo rebotado, el celular sí contesta.","Correo rebotado, el celular sí contesta.",True,NOTE-005,11,"{""requirements"": [], ""signals"": [], ""constraints"": [], ""priority"": ""normal"", ""action"": ""continue"", ""details"": {""unvalidated_source"": false, ""former_customer"": false, ""price_sensitive"": false, ""competitive_process"": false, ""existing_contract"": false, ""referral_from_current_account"": false, ""low_interest"": false, ""seniority_requested"": false, ""sector_expertise_requested"": false, ""do_not_contact"": false, ""possible_duplicate"": false, ""requires_manual_review"": false, ""account_complexity"": ""unknown"", ""urgency"": ""normal"", ""preferred_contact_channel"": ""phone"", ""data_confidence"": ""medium"", ""assignment_action"": ""continue"", ""decision_maker_type"": null, ""technical_expertise"": null, ""decision_window"": null, ""contact_after_time"": null, ""site_count"": null, ""competitor_count"": null}, ""needs_review"": false, ""reason_codes"": [""CONTACT_CHANNEL""]}",approved_golden_with_context_rule,approved
40,Tiene contrato vigente con otro proveedor hasta diciembre.,Tiene contrato vigente con otro proveedor hasta diciembre.,True,NOTE-007,10,"{""requirements"": [], ""signals"": [""existing_contract""], ""constraints"": [], ""priority"": ""future"", ""action"": ""schedule_later"", ""details"": {""unvalidated_source"": false, ""former_customer"": false, ""price_sensitive"": false, ""competitive_process"": false, ""existing_contract"": true, ""referral_from_current_account"": false, ""low_interest"": false, ""seniority_requested"": false, ""sector_expertise_requested"": false, ""do_not_contact"": false, ""possible_duplicate"": false, ""requires_manual_review"": false, ""account_complexity"": ""unknown"", ""urgency"": ""future"", ""preferred_contact_channel"": null, ""data_confidence"": ""medium"", ""assignment_action"": ""schedule_later"", ""decision_maker_type"": null, ""technical_expertise"": null, ""decision_window"": ""december"", ""contact_after_time"": null, ""site_count"": null, ""competitor_count"": null}, ""needs_review"": false, ""reason_codes"": [""ACTION"", ""DECISION_WINDOW"", ""EXISTING_CONTRACT"", ""URGENCY""]}",approved_golden_with_context_rule,approved
41,,,False,,0,"{""requirements"": [], ""signals"": [], ""constraints"": [], ""priority"": ""normal"", ""action"": ""continue"", ""details"": {""unvalidated_source"": false, ""former_customer"": false, ""price_sensitive"": false, ""competitive_process"": false, ""existing_contract"": false, ""referral_from_current_account"": false, ""low_interest"": false, ""seniority_requested"": false, ""sector_expertise_requested"": false, ""do_not_contact"": false, ""possible_duplicate"": false, ""requires_manual_review"": false, ""account_complexity"": ""unknown"", ""urgency"": ""normal"", ""preferred_contact_channel"": null, ""data_confidence"": ""medium"", ""assignment_action"": ""continue"", ""decision_maker_type"": null, ""technical_expertise"": null, ""decision_window"": null, ""contact_after_time"": null, ""site_count"": null, ""competitor_count"": null}, ""needs_review"": false, ""reason_codes"": []}",empty_note_default,not_applicable
42,"Está comparando tres propuestas, decide este mes.","Está comparando tres propuestas, decide este mes.",True,NOTE-006,11,"{""requirements"": [], ""signals"": [""competitive_process""], ""constraints"": [], ""priority"": ""high"", ""action"": ""continue"", ""details"": {""unvalidated_source"": false, ""former_customer"": false, ""price_sensitive"": false, ""competitive_process"": true, ""existing_contract"": false, ""referral_from_current_account"": false, ""low_interest"": false, ""seniority_requested"": false, ""sector_expertise_requested"": false, ""do_not_contact"": false, ""possible_duplicate"": false, ""requires_manual_review"": false, ""account_complexity"": ""unknown"", ""urgency"": ""high"", ""preferred_contact_channel"": null, ""data_confidence"": ""medium"", ""assignment_action"": ""continue"", ""decision_maker_type"": null, ""technical_expertise"": null, ""decision_window"": ""this_month"", ""contact_after_time"": null, ""site_count"": null, ""competitor_count"": 3}, ""needs_review"": false, ""reason_codes"": [""COMPETITIVE_PROCESS"", ""COMPETITOR_COUNT"", ""DECISION_WINDOW"", ""URGENCY""]}",approved_golden_with_context_rule,approved
43,"Correo rebotado, el celular sí contesta.","Correo rebotado, el celular sí contesta.",True,NOTE-005,11,"{""requirements"": [], ""signals"": [], ""constraints"": [], ""priority"": ""normal"", ""action"": ""continue"", ""details"": {""unvalidated_source"": false, ""former_customer"": false, ""price_sensitive"": false, ""competitive_process"": false, ""existing_contract"": false, ""referral_from_current_account"": false, ""low_interest"": false, ""seniority_requested"": false, ""sector_expertise_requested"": false, ""do_not_contact"": false, ""possible_duplicate"": false, ""requires_manual_review"": false, ""account_complexity"": ""unknown"", ""urgency"": ""normal"", ""preferred_contact_channel"": ""phone"", ""data_confidence"": ""medium"", ""assignment_action"": ""continue"", ""decision_maker_type"": null, ""technical_expertise"": null, ""decision_window"": null, ""contact_after_time"": null, ""site_count"": null, ""competitor_count"": null}, ""needs_review"": false, ""reason_codes"": [""CONTACT_CHANNEL""]}",approved_golden_with_context_rule,approved
44,"Empresa familiar, decide el dueño directamente.","Empresa familiar, decide el dueño directamente.",True,NOTE-002,13,"{""requirements"": [], ""signals"": [], ""constraints"": [], ""priority"": ""normal"", ""action"": ""continue"", ""details"": {""unvalidated_source"": false, ""former_customer"": false, ""price_sensitive"": false, ""competitive_process"": false, ""existing_contract"": false, ""referral_from_current_account"": false, ""low_interest"": false, ""seniority_requested"": false, ""sector_expertise_requested"": false, ""do_not_contact"": false, ""possible_duplicate"": false, ""requires_manual_review"": false, ""account_complexity"": ""unknown"", ""urgency"": ""normal"", ""preferred_contact_channel"": null, ""data_confidence"": ""medium"", ""assignment_action"": ""continue"", ""decision_maker_type"": ""owner"", ""technical_expertise"": null, ""decision_window"": null, ""contact_after_time"": null, ""site_count"": null, ""competitor_count"": null}, ""needs_review"": false, ""reason_codes"": [""OWNER_DECISION_MAKER""]}",approved_golden_with_context_rule,approved
45,"Está comparando tres propuestas, decide este mes.","Está comparando tres propuestas, decide este mes.",True,NOTE-006,11,"{""requirements"": [], ""signals"": [""competitive_process""], ""constraints"": [], ""priority"": ""high"", ""action"": ""continue"", ""details"": {""unvalidated_source"": false, ""former_customer"": false, ""price_sensitive"": false, ""competitive_process"": true, ""existing_contract"": false, ""referral_from_current_account"": false, ""low_interest"": false, ""seniority_requested"": false, ""sector_expertise_requested"": false, ""do_not_contact"": false, ""possible_duplicate"": false, ""requires_manual_review"": false, ""account_complexity"": ""unknown"", ""urgency"": ""high"", ""preferred_contact_channel"": null, ""data_confidence"": ""medium"", ""assignment_action"": ""continue"", ""decision_maker_type"": null, ""technical_expertise"": null, ""decision_window"": ""this_month"", ""contact_after_time"": null, ""site_count"": null, ""competitor_count"": 3}, ""needs_review"": false, ""reason_codes"": [""COMPETITIVE_PROCESS"", ""COMPETITOR_COUNT"", ""DECISION_WINDOW"", ""URGENCY""]}",approved_golden_with_context_rule,approved
46,Llamar únicamente después de las 2 pm.,Llamar únicamente después de las 2 pm.,True,NOTE-012,6,"{""requirements"": [], ""signals"": [], ""constraints"": [""contact_after_time""], ""priority"": ""normal"", ""action"": ""continue"", ""details"": {""unvalidated_source"": false, ""former_customer"": false, ""price_sensitive"": false, ""competitive_process"": false, ""existing_contract"": false, ""referral_from_current_account"": false, ""low_interest"": false, ""seniority_requested"": false, ""sector_expertise_requested"": false, ""do_not_contact"": false, ""possible_duplicate"": false, ""requires_manual_review"": false, ""account_complexity"": ""unknown"", ""urgency"": ""normal"", ""preferred_contact_channel"": ""phone"", ""data_confidence"": ""medium"", ""assignment_action"": ""continue"", ""decision_maker_type"": null, ""technical_expertise"": null, ""decision_window"": null, ""contact_after_time"": ""14:00"", ""site_count"": null, ""competitor_count"": null}, ""needs_review"": false, ""reason_codes"": [""CONTACT_AFTER_TIME"", ""CONTACT_CHANNEL""]}",approved_golden_with_context_rule,approved
47,Insistió en hablar con alguien senior.,Insistió en hablar con alguien senior.,True,NOTE-011,7,"{""requirements"": [""seniority_requested""], ""signals"": [], ""constraints"": [], ""priority"": ""normal"", ""action"": ""continue"", ""details"": {""unvalidated_source"": false, ""former_customer"": false, ""price_sensitive"": false, ""competitive_process"": false, ""existing_contract"": false, ""referral_from_current_account"": false, ""low_interest"": false, ""seniority_requested"": true, ""sector_expertise_requested"": false, ""do_not_contact"": false, ""possible_duplicate"": false, ""requires_manual_review"": false, ""account_complexity"": ""unknown"", ""urgency"": ""normal"", ""preferred_contact_channel"": null, ""data_confidence"": ""medium"", ""assignment_action"": ""continue"", ""decision_maker_type"": null, ""technical_expertise"": null, ""decision_window"": null, ""contact_after_time"": null, ""site_count"": null, ""competitor_count"": null}, ""needs_review"": false, ""reason_codes"": [""SENIORITY_REQUESTED""]}",approved_golden_with_context_rule,approved
48,"Quiere propuesta para siete sedes, no para una.","Quiere propuesta para siete sedes, no para una.",True,NOTE-004,12,"{""requirements"": [], ""signals"": [], ""constraints"": [], ""priority"": ""normal"", ""action"": ""continue"", ""details"": {""unvalidated_source"": false, ""former_customer"": false, ""price_sensitive"": false, ""competitive_process"": false, ""existing_contract"": false, ""referral_from_current_account"": false, ""low_interest"": false, ""seniority_requested"": false, ""sector_expertise_requested"": false, ""do_not_contact"": false, ""possible_duplicate"": false, ""requires_manual_review"": false, ""account_complexity"": ""high"", ""urgency"": ""normal"", ""preferred_contact_channel"": null, ""data_confidence"": ""medium"", ""assignment_action"": ""continue"", ""decision_maker_type"": null, ""technical_expertise"": null, ""decision_window"": null, ""contact_after_time"": null, ""site_count"": 7, ""competitor_count"": null}, ""needs_review"": false, ""reason_codes"": [""COMPLEX_ACCOUNT"", ""SITE_COUNT""]}",approved_golden_with_context_rule,approved
49,"Quiere propuesta para siete sedes, no para una.","Quiere propuesta para siete sedes, no para una.",True,NOTE-004,12,"{""requirements"": [], ""signals"": [], ""constraints"": [], ""priority"": ""normal"", ""action"": ""continue"", ""details"": {""unvalidated_source"": false, ""former_customer"": false, ""price_sensitive"": false, ""competitive_process"": false, ""existing_contract"": false, ""referral_from_current_account"": false, ""low_interest"": false, ""seniority_requested"": false, ""sector_expertise_requested"": false, ""do_not_contact"": false, ""possible_duplicate"": false, ""requires_manual_review"": false, ""account_complexity"": ""high"", ""urgency"": ""normal"", ""preferred_contact_channel"": null, ""data_confidence"": ""medium"", ""assignment_action"": ""continue"", ""decision_maker_type"": null, ""technical_expertise"": null, ""decision_window"": null, ""contact_after_time"": null, ""site_count"": 7, ""competitor_count"": null}, ""needs_review"": false, ""reason_codes"": [""COMPLEX_ACCOUNT"", ""SITE_COUNT""]}",approved_golden_with_context_rule,approved
50,"Está comparando tres propuestas, decide este mes.","Está comparando tres propuestas, decide este mes.",True,NOTE-006,11,"{""requirements"": [], ""signals"": [""competitive_process""], ""constraints"": [], ""priority"": ""high"", ""action"": ""continue"", ""details"": {""unvalidated_source"": false, ""former_customer"": false, ""price_sensitive"": false, ""competitive_process"": true, ""existing_contract"": false, ""referral_from_current_account"": false, ""low_interest"": false, ""seniority_requested"": false, ""sector_expertise_requested"": false, ""do_not_contact"": false, ""possible_duplicate"": false, ""requires_manual_review"": false, ""account_complexity"": ""unknown"", ""urgency"": ""high"", ""preferred_contact_channel"": null, ""data_confidence"": ""medium"", ""assignment_action"": ""continue"", ""decision_maker_type"": null, ""technical_expertise"": null, ""decision_window"": ""this_month"", ""contact_after_time"": null, ""site_count"": null, ""competitor_count"": 3}, ""needs_review"": false, ""reason_codes"": [""COMPETITIVE_PROCESS"", ""COMPETITOR_COUNT"", ""DECISION_WINDOW"", ""URGENCY""]}",approved_golden_with_context_rule,approved
51,,,False,,0,"{""requirements"": [], ""signals"": [], ""constraints"": [], ""priority"": ""normal"", ""action"": ""continue"", ""details"": {""unvalidated_source"": false, ""former_customer"": false, ""price_sensitive"": false, ""competitive_process"": false, ""existing_contract"": false, ""referral_from_current_account"": false, ""low_interest"": false, ""seniority_requested"": false, ""sector_expertise_requested"": false, ""do_not_contact"": false, ""possible_duplicate"": false, ""requires_manual_review"": false, ""account_complexity"": ""unknown"", ""urgency"": ""normal"", ""preferred_contact_channel"": null, ""data_confidence"": ""medium"", ""assignment_action"": ""continue"", ""decision_maker_type"": null, ""technical_expertise"": null, ""decision_window"": null, ""contact_after_time"": null, ""site_count"": null, ""competitor_count"": null}, ""needs_review"": false, ""reason_codes"": []}",empty_note_default,not_applicable
52,"Correo rebotado, el celular sí contesta.","Correo rebotado, el celular sí contesta.",True,NOTE-005,11,"{""requirements"": [], ""signals"": [], ""constraints"": [], ""priority"": ""normal"", ""action"": ""continue"", ""details"": {""unvalidated_source"": false, ""former_customer"": false, ""price_sensitive"": false, ""competitive_process"": false, ""existing_contract"": false, ""referral_from_current_account"": false, ""low_interest"": false, ""seniority_requested"": false, ""sector_expertise_requested"": false, ""do_not_contact"": false, ""possible_duplicate"": false, ""requires_manual_review"": false, ""account_complexity"": ""unknown"", ""urgency"": ""normal"", ""preferred_contact_channel"": ""phone"", ""data_confidence"": ""medium"", ""assignment_action"": ""continue"", ""decision_maker_type"": null, ""technical_expertise"": null, ""decision_window"": null, ""contact_after_time"": null, ""site_count"": null, ""competitor_count"": null}, ""needs_review"": false, ""reason_codes"": [""CONTACT_CHANNEL""]}",approved_golden_with_context_rule,approved
53,"Dejó los datos en el stand de la feria, mostró poco interés.","Dejó los datos en el stand de la feria, mostró poco interés.",True,NOTE-010,8,"{""requirements"": [], ""signals"": [""low_interest""], ""constraints"": [], ""priority"": ""low"", ""action"": ""continue"", ""details"": {""unvalidated_source"": false, ""former_customer"": false, ""price_sensitive"": false, ""competitive_process"": false, ""existing_contract"": false, ""referral_from_current_account"": false, ""low_interest"": true, ""seniority_requested"": false, ""sector_expertise_requested"": false, ""do_not_contact"": false, ""possible_duplicate"": false, ""requires_manual_review"": false, ""account_complexity"": ""unknown"", ""urgency"": ""low"", ""preferred_contact_channel"": null, ""data_confidence"": ""medium"", ""assignment_action"": ""continue"", ""decision_maker_type"": null, ""technical_expertise"": null, ""decision_window"": null, ""contact_after_time"": null, ""site_count"": null, ""competitor_count"": null}, ""needs_review"": false, ""reason_codes"": [""LOW_INTEREST"", ""URGENCY""]}",approved_golden_with_context_rule,approved
54,Lo refirió el gerente de una cuenta actual.,Lo refirió el gerente de una cuenta actual.,True,NOTE-009,9,"{""requirements"": [], ""signals"": [""referral_from_current_account""], ""constraints"": [], ""priority"": ""normal"", ""action"": ""continue"", ""details"": {""unvalidated_source"": false, ""former_customer"": false, ""price_sensitive"": false, ""competitive_process"": false, ""existing_contract"": false, ""referral_from_current_account"": true, ""low_interest"": false, ""seniority_requested"": false, ""sector_expertise_requested"": false, ""do_not_contact"": false, ""possible_duplicate"": false, ""requires_manual_review"": false, ""account_complexity"": ""unknown"", ""urgency"": ""normal"", ""preferred_contact_channel"": null, ""data_confidence"": ""high"", ""assignment_action"": ""continue"", ""decision_maker_type"": null, ""technical_expertise"": null, ""decision_window"": null, ""contact_after_time"": null, ""site_count"": null, ""competitor_count"": null}, ""needs_review"": false, ""reason_codes"": [""DATA_CONFIDENCE"", ""REFERRAL_FROM_CURRENT_ACCOUNT""]}",approved_golden_with_context_rule,approved
55,,,False,,0,"{""requirements"": [], ""signals"": [], ""constraints"": [], ""priority"": ""normal"", ""action"": ""continue"", ""details"": {""unvalidated_source"": false, ""former_customer"": false, ""price_sensitive"": false, ""competitive_process"": false, ""existing_contract"": false, ""referral_from_current_account"": false, ""low_interest"": false, ""seniority_requested"": false, ""sector_expertise_requested"": false, ""do_not_contact"": false, ""possible_duplicate"": false, ""requires_manual_review"": false, ""account_complexity"": ""unknown"", ""urgency"": ""normal"", ""preferred_contact_channel"": null, ""data_confidence"": ""medium"", ""assignment_action"": ""continue"", ""decision_maker_type"": null, ""technical_expertise"": null, ""decision_window"": null, ""contact_after_time"": null, ""site_count"": null, ""competitor_count"": null}, ""needs_review"": false, ""reason_codes"": []}",empty_note_default,not_applicable
56,"Registro cargado desde base comprada, sin validar.","Registro cargado desde base comprada, sin validar.",True,NOTE-001,18,"{""requirements"": [], ""signals"": [""unvalidated_source""], ""constraints"": [], ""priority"": ""normal"", ""action"": ""validate_first"", ""details"": {""unvalidated_source"": true, ""former_customer"": false, ""price_sensitive"": false, ""competitive_process"": false, ""existing_contract"": false, ""referral_from_current_account"": false, ""low_interest"": false, ""seniority_requested"": false, ""sector_expertise_requested"": false, ""do_not_contact"": false, ""possible_duplicate"": false, ""requires_manual_review"": false, ""account_complexity"": ""unknown"", ""urgency"": ""normal"", ""preferred_contact_channel"": null, ""data_confidence"": ""low"", ""assignment_action"": ""validate_first"", ""decision_maker_type"": null, ""technical_expertise"": null, ""decision_window"": null, ""contact_after_time"": null, ""site_count"": null, ""competitor_count"": null}, ""needs_review"": false, ""reason_codes"": [""ACTION"", ""DATA_CONFIDENCE"", ""UNVALIDATED_SOURCE""]}",approved_golden_with_context_rule,approved
57,"Está comparando tres propuestas, decide este mes.","Está comparando tres propuestas, decide este mes.",True,NOTE-006,11,"{""requirements"": [], ""signals"": [""competitive_process""], ""constraints"": [], ""priority"": ""high"", ""action"": ""continue"", ""details"": {""unvalidated_source"": false, ""former_customer"": false, ""price_sensitive"": false, ""competitive_process"": true, ""existing_contract"": false, ""referral_from_current_account"": false, ""low_interest"": false, ""seniority_requested"": false, ""sector_expertise_requested"": false, ""do_not_contact"": false, ""possible_duplicate"": false, ""requires_manual_review"": false, ""account_complexity"": ""unknown"", ""urgency"": ""high"", ""preferred_contact_channel"": null, ""data_confidence"": ""medium"", ""assignment_action"": ""continue"", ""decision_maker_type"": null, ""technical_expertise"": null, ""decision_window"": ""this_month"", ""contact_after_time"": null, ""site_count"": null, ""competitor_count"": 3}, ""needs_review"": false, ""reason_codes"": [""COMPETITIVE_PROCESS"", ""COMPETITOR_COUNT"", ""DECISION_WINDOW"", ""URGENCY""]}",approved_golden_with_context_rule,approved
58,"Correo rebotado, el celular sí contesta.","Correo rebotado, el celular sí contesta.",True,NOTE-005,11,"{""requirements"": [], ""signals"": [], ""constraints"": [], ""priority"": ""normal"", ""action"": ""continue"", ""details"": {""unvalidated_source"": false, ""former_customer"": false, ""price_sensitive"": false, ""competitive_process"": false, ""existing_contract"": false, ""referral_from_current_account"": false, ""low_interest"": false, ""seniority_requested"": false, ""sector_expertise_requested"": false, ""do_not_contact"": false, ""possible_duplicate"": false, ""requires_manual_review"": false, ""account_complexity"": ""unknown"", ""urgency"": ""normal"", ""preferred_contact_channel"": ""phone"", ""data_confidence"": ""medium"", ""assignment_action"": ""continue"", ""decision_maker_type"": null, ""technical_expertise"": null, ""decision_window"": null, ""contact_after_time"": null, ""site_count"": null, ""competitor_count"": null}, ""needs_review"": false, ""reason_codes"": [""CONTACT_CHANNEL""]}",approved_golden_with_context_rule,approved
59,"Está comparando tres propuestas, decide este mes.","Está comparando tres propuestas, decide este mes.",True,NOTE-006,11,"{""requirements"": [], ""signals"": [""competitive_process""], ""constraints"": [], ""priority"": ""high"", ""action"": ""continue"", ""details"": {""unvalidated_source"": false, ""former_customer"": false, ""price_sensitive"": false, ""competitive_process"": true, ""existing_contract"": false, ""referral_from_current_account"": false, ""low_interest"": false, ""seniority_requested"": false, ""sector_expertise_requested"": false, ""do_not_contact"": false, ""possible_duplicate"": false, ""requires_manual_review"": false, ""account_complexity"": ""unknown"", ""urgency"": ""high"", ""preferred_contact_channel"": null, ""data_confidence"": ""medium"", ""assignment_action"": ""continue"", ""decision_maker_type"": null, ""technical_expertise"": null, ""decision_window"": ""this_month"", ""contact_after_time"": null, ""site_count"": null, ""competitor_count"": 3}, ""needs_review"": false, ""reason_codes"": [""COMPETITIVE_PROCESS"", ""COMPETITOR_COUNT"", ""DECISION_WINDOW"", ""URGENCY""]}",approved_golden_with_context_rule,approved
60,Tiene contrato vigente con otro proveedor hasta diciembre.,Tiene contrato vigente con otro proveedor hasta diciembre.,True,NOTE-007,10,"{""requirements"": [], ""signals"": [""existing_contract""], ""constraints"": [], ""priority"": ""future"", ""action"": ""schedule_later"", ""details"": {""unvalidated_source"": false, ""former_customer"": false, ""price_sensitive"": false, ""competitive_process"": false, ""existing_contract"": true, ""referral_from_current_account"": false, ""low_interest"": false, ""seniority_requested"": false, ""sector_expertise_requested"": false, ""do_not_contact"": false, ""possible_duplicate"": false, ""requires_manual_review"": false, ""account_complexity"": ""unknown"", ""urgency"": ""future"", ""preferred_contact_channel"": null, ""data_confidence"": ""medium"", ""assignment_action"": ""schedule_later"", ""decision_maker_type"": null, ""technical_expertise"": null, ""decision_window"": ""december"", ""contact_after_time"": null, ""site_count"": null, ""competitor_count"": null}, ""needs_review"": false, ""reason_codes"": [""ACTION"", ""DECISION_WINDOW"", ""EXISTING_CONTRACT"", ""URGENCY""]}",approved_golden_with_context_rule,approved
61,,,False,,0,"{""requirements"": [], ""signals"": [], ""constraints"": [], ""priority"": ""normal"", ""action"": ""continue"", ""details"": {""unvalidated_source"": false, ""former_customer"": false, ""price_sensitive"": false, ""competitive_process"": false, ""existing_contract"": false, ""referral_from_current_account"": false, ""low_interest"": false, ""seniority_requested"": false, ""sector_expertise_requested"": false, ""do_not_contact"": false, ""possible_duplicate"": false, ""requires_manual_review"": false, ""account_complexity"": ""unknown"", ""urgency"": ""normal"", ""preferred_contact_channel"": null, ""data_confidence"": ""medium"", ""assignment_action"": ""continue"", ""decision_maker_type"": null, ""technical_expertise"": null, ""decision_window"": null, ""contact_after_time"": null, ""site_count"": null, ""competitor_count"": null}, ""needs_review"": false, ""reason_codes"": []}",empty_note_default,not_applicable
62,"Dejó los datos en el stand de la feria, mostró poco interés.","Dejó los datos en el stand de la feria, mostró poco interés.",True,NOTE-010,8,"{""requirements"": [], ""signals"": [""low_interest""], ""constraints"": [], ""priority"": ""low"", ""action"": ""continue"", ""details"": {""unvalidated_source"": false, ""former_customer"": false, ""price_sensitive"": false, ""competitive_process"": false, ""existing_contract"": false, ""referral_from_current_account"": false, ""low_interest"": true, ""seniority_requested"": false, ""sector_expertise_requested"": false, ""do_not_contact"": false, ""possible_duplicate"": false, ""requires_manual_review"": false, ""account_complexity"": ""unknown"", ""urgency"": ""low"", ""preferred_contact_channel"": null, ""data_confidence"": ""medium"", ""assignment_action"": ""continue"", ""decision_maker_type"": null, ""technical_expertise"": null, ""decision_window"": null, ""contact_after_time"": null, ""site_count"": null, ""competitor_count"": null}, ""needs_review"": false, ""reason_codes"": [""LOW_INTEREST"", ""URGENCY""]}",approved_golden_with_context_rule,approved
63,"Registro cargado desde base comprada, sin validar.","Registro cargado desde base comprada, sin validar.",True,NOTE-001,18,"{""requirements"": [], ""signals"": [""unvalidated_source""], ""constraints"": [], ""priority"": ""normal"", ""action"": ""validate_first"", ""details"": {""unvalidated_source"": true, ""former_customer"": false, ""price_sensitive"": false, ""competitive_process"": false, ""existing_contract"": false, ""referral_from_current_account"": false, ""low_interest"": false, ""seniority_requested"": false, ""sector_expertise_requested"": false, ""do_not_contact"": false, ""possible_duplicate"": false, ""requires_manual_review"": false, ""account_complexity"": ""unknown"", ""urgency"": ""normal"", ""preferred_contact_channel"": null, ""data_confidence"": ""low"", ""assignment_action"": ""validate_first"", ""decision_maker_type"": null, ""technical_expertise"": null, ""decision_window"": null, ""contact_after_time"": null, ""site_count"": null, ""competitor_count"": null}, ""needs_review"": false, ""reason_codes"": [""ACTION"", ""DATA_CONFIDENCE"", ""UNVALIDATED_SOURCE""]}",approved_golden_with_context_rule,approved
64,"Quiere propuesta para siete sedes, no para una.","Quiere propuesta para siete sedes, no para una.",True,NOTE-004,12,"{""requirements"": [], ""signals"": [], ""constraints"": [], ""priority"": ""normal"", ""action"": ""continue"", ""details"": {""unvalidated_source"": false, ""former_customer"": false, ""price_sensitive"": false, ""competitive_process"": false, ""existing_contract"": false, ""referral_from_current_account"": false, ""low_interest"": false, ""seniority_requested"": false, ""sector_expertise_requested"": false, ""do_not_contact"": false, ""possible_duplicate"": false, ""requires_manual_review"": false, ""account_complexity"": ""high"", ""urgency"": ""normal"", ""preferred_contact_channel"": null, ""data_confidence"": ""medium"", ""assignment_action"": ""continue"", ""decision_maker_type"": null, ""technical_expertise"": null, ""decision_window"": null, ""contact_after_time"": null, ""site_count"": 7, ""competitor_count"": null}, ""needs_review"": false, ""reason_codes"": [""COMPLEX_ACCOUNT"", ""SITE_COUNT""]}",approved_golden_with_context_rule,approved
65,"Está comparando tres propuestas, decide este mes.","Está comparando tres propuestas, decide este mes.",True,NOTE-006,11,"{""requirements"": [], ""signals"": [""competitive_process""], ""constraints"": [], ""priority"": ""high"", ""action"": ""continue"", ""details"": {""unvalidated_source"": false, ""former_customer"": false, ""price_sensitive"": false, ""competitive_process"": true, ""existing_contract"": false, ""referral_from_current_account"": false, ""low_interest"": false, ""seniority_requested"": false, ""sector_expertise_requested"": false, ""do_not_contact"": false, ""possible_duplicate"": false, ""requires_manual_review"": false, ""account_complexity"": ""unknown"", ""urgency"": ""high"", ""preferred_contact_channel"": null, ""data_confidence"": ""medium"", ""assignment_action"": ""continue"", ""decision_maker_type"": null, ""technical_expertise"": null, ""decision_window"": ""this_month"", ""contact_after_time"": null, ""site_count"": null, ""competitor_count"": 3}, ""needs_review"": false, ""reason_codes"": [""COMPETITIVE_PROCESS"", ""COMPETITOR_COUNT"", ""DECISION_WINDOW"", ""URGENCY""]}",approved_golden_with_context_rule,approved
66,"Empresa familiar, decide el dueño directamente.","Empresa familiar, decide el dueño directamente.",True,NOTE-002,13,"{""requirements"": [], ""signals"": [], ""constraints"": [], ""priority"": ""normal"", ""action"": ""continue"", ""details"": {""unvalidated_source"": false, ""former_customer"": false, ""price_sensitive"": false, ""competitive_process"": false, ""existing_contract"": false, ""referral_from_current_account"": false, ""low_interest"": false, ""seniority_requested"": false, ""sector_expertise_requested"": false, ""do_not_contact"": false, ""possible_duplicate"": false, ""requires_manual_review"": false, ""account_complexity"": ""unknown"", ""urgency"": ""normal"", ""preferred_contact_channel"": null, ""data_confidence"": ""medium"", ""assignment_action"": ""continue"", ""decision_maker_type"": ""owner"", ""technical_expertise"": null, ""decision_window"": null, ""contact_after_time"": null, ""site_count"": null, ""competitor_count"": null}, ""needs_review"": false, ""reason_codes"": [""OWNER_DECISION_MAKER""]}",approved_golden_with_context_rule,approved
67,"Dejó los datos en el stand de la feria, mostró poco interés.","Dejó los datos en el stand de la feria, mostró poco interés.",True,NOTE-010,8,"{""requirements"": [], ""signals"": [""low_interest""], ""constraints"": [], ""priority"": ""low"", ""action"": ""continue"", ""details"": {""unvalidated_source"": false, ""former_customer"": false, ""price_sensitive"": false, ""competitive_process"": false, ""existing_contract"": false, ""referral_from_current_account"": false, ""low_interest"": true, ""seniority_requested"": false, ""sector_expertise_requested"": false, ""do_not_contact"": false, ""possible_duplicate"": false, ""requires_manual_review"": false, ""account_complexity"": ""unknown"", ""urgency"": ""low"", ""preferred_contact_channel"": null, ""data_confidence"": ""medium"", ""assignment_action"": ""continue"", ""decision_maker_type"": null, ""technical_expertise"": null, ""decision_window"": null, ""contact_after_time"": null, ""site_count"": null, ""competitor_count"": null}, ""needs_review"": false, ""reason_codes"": [""LOW_INTEREST"", ""URGENCY""]}",approved_golden_with_context_rule,approved
68,"Registro cargado desde base comprada, sin validar.","Registro cargado desde base comprada, sin validar.",True,NOTE-001,18,"{""requirements"": [], ""signals"": [""unvalidated_source""], ""constraints"": [], ""priority"": ""normal"", ""action"": ""validate_first"", ""details"": {""unvalidated_source"": true, ""former_customer"": false, ""price_sensitive"": false, ""competitive_process"": false, ""existing_contract"": false, ""referral_from_current_account"": false, ""low_interest"": false, ""seniority_requested"": false, ""sector_expertise_requested"": false, ""do_not_contact"": false, ""possible_duplicate"": false, ""requires_manual_review"": false, ""account_complexity"": ""unknown"", ""urgency"": ""normal"", ""preferred_contact_channel"": null, ""data_confidence"": ""low"", ""assignment_action"": ""validate_first"", ""decision_maker_type"": null, ""technical_expertise"": null, ""decision_window"": null, ""contact_after_time"": null, ""site_count"": null, ""competitor_count"": null}, ""needs_review"": false, ""reason_codes"": [""ACTION"", ""DATA_CONFIDENCE"", ""UNVALIDATED_SOURCE""]}",approved_golden_with_context_rule,approved
69,"Registro cargado desde base comprada, sin validar.","Registro cargado desde base comprada, sin validar.",True,NOTE-001,18,"{""requirements"": [], ""signals"": [""unvalidated_source""], ""constraints"": [], ""priority"": ""normal"", ""action"": ""validate_first"", ""details"": {""unvalidated_source"": true, ""former_customer"": false, ""price_sensitive"": false, ""competitive_process"": false, ""existing_contract"": false, ""referral_from_current_account"": false, ""low_interest"": false, ""seniority_requested"": false, ""sector_expertise_requested"": false, ""do_not_contact"": false, ""possible_duplicate"": false, ""requires_manual_review"": false, ""account_complexity"": ""unknown"", ""urgency"": ""normal"", ""preferred_contact_channel"": null, ""data_confidence"": ""low"", ""assignment_action"": ""validate_first"", ""decision_maker_type"": null, ""technical_expertise"": null, ""decision_window"": null, ""contact_after_time"": null, ""site_count"": null, ""competitor_count"": null}, ""needs_review"": false, ""reason_codes"": [""ACTION"", ""DATA_CONFIDENCE"", ""UNVALIDATED_SOURCE""]}",approved_golden_with_context_rule,approved
70,"Correo rebotado, el celular sí contesta.","Correo rebotado, el celular sí contesta.",True,NOTE-005,11,"{""requirements"": [], ""signals"": [], ""constraints"": [], ""priority"": ""normal"", ""action"": ""continue"", ""details"": {""unvalidated_source"": false, ""former_customer"": false, ""price_sensitive"": false, ""competitive_process"": false, ""existing_contract"": false, ""referral_from_current_account"": false, ""low_interest"": false, ""seniority_requested"": false, ""sector_expertise_requested"": false, ""do_not_contact"": false, ""possible_duplicate"": false, ""requires_manual_review"": false, ""account_complexity"": ""unknown"", ""urgency"": ""normal"", ""preferred_contact_channel"": ""phone"", ""data_confidence"": ""medium"", ""assignment_action"": ""continue"", ""decision_maker_type"": null, ""technical_expertise"": null, ""decision_window"": null, ""contact_after_time"": null, ""site_count"": null, ""competitor_count"": null}, ""needs_review"": false, ""reason_codes"": [""CONTACT_CHANNEL""]}",approved_golden_with_context_rule,approved
71,Insistió en hablar con alguien senior.,Insistió en hablar con alguien senior.,True,NOTE-011,7,"{""requirements"": [""seniority_requested""], ""signals"": [], ""constraints"": [], ""priority"": ""normal"", ""action"": ""continue"", ""details"": {""unvalidated_source"": false, ""former_customer"": false, ""price_sensitive"": false, ""competitive_process"": false, ""existing_contract"": false, ""referral_from_current_account"": false, ""low_interest"": false, ""seniority_requested"": true, ""sector_expertise_requested"": false, ""do_not_contact"": false, ""possible_duplicate"": false, ""requires_manual_review"": false, ""account_complexity"": ""unknown"", ""urgency"": ""normal"", ""preferred_contact_channel"": null, ""data_confidence"": ""medium"", ""assignment_action"": ""continue"", ""decision_maker_type"": null, ""technical_expertise"": null, ""decision_window"": null, ""contact_after_time"": null, ""site_count"": null, ""competitor_count"": null}, ""needs_review"": false, ""reason_codes"": [""SENIORITY_REQUESTED""]}",approved_golden_with_context_rule,approved
72,Pidió que lo contacte alguien que conozca el sector.,Pidió que lo contacte alguien que conozca el sector.,True,NOTE-013,6,"{""requirements"": [""sector_expertise_requested""], ""signals"": [], ""constraints"": [], ""priority"": ""normal"", ""action"": ""continue"", ""details"": {""unvalidated_source"": false, ""former_customer"": false, ""price_sensitive"": false, ""competitive_process"": false, ""existing_contract"": false, ""referral_from_current_account"": false, ""low_interest"": false, ""seniority_requested"": false, ""sector_expertise_requested"": true, ""do_not_contact"": false, ""possible_duplicate"": false, ""requires_manual_review"": true, ""account_complexity"": ""unknown"", ""urgency"": ""normal"", ""preferred_contact_channel"": null, ""data_confidence"": ""medium"", ""assignment_action"": ""continue"", ""decision_maker_type"": null, ""technical_expertise"": null, ""decision_window"": null, ""contact_after_time"": null, ""site_count"": null, ""competitor_count"": null}, ""needs_review"": true, ""reason_codes"": [""REQUIRES_MANUAL_REVIEW"", ""SECTOR_EXPERTISE_REQUESTED""]}",approved_golden_with_context_rule,approved
73,"Ya fue cliente en 2023, se retiró por precio.","Ya fue cliente en 2023, se retiró por precio.",True,NOTE-003,12,"{""requirements"": [], ""signals"": [""former_customer"", ""price_sensitive""], ""constraints"": [], ""priority"": ""normal"", ""action"": ""continue"", ""details"": {""unvalidated_source"": false, ""former_customer"": true, ""price_sensitive"": true, ""competitive_process"": false, ""existing_contract"": false, ""referral_from_current_account"": false, ""low_interest"": false, ""seniority_requested"": false, ""sector_expertise_requested"": false, ""do_not_contact"": false, ""possible_duplicate"": false, ""requires_manual_review"": false, ""account_complexity"": ""unknown"", ""urgency"": ""normal"", ""preferred_contact_channel"": null, ""data_confidence"": ""medium"", ""assignment_action"": ""continue"", ""decision_maker_type"": null, ""technical_expertise"": null, ""decision_window"": null, ""contact_after_time"": null, ""site_count"": null, ""competitor_count"": null}, ""needs_review"": false, ""reason_codes"": [""FORMER_CUSTOMER"", ""PRICE_SENSITIVE""]}",approved_golden_with_context_rule,approved
74,Lo refirió el gerente de una cuenta actual.,Lo refirió el gerente de una cuenta actual.,True,NOTE-009,9,"{""requirements"": [], ""signals"": [""referral_from_current_account""], ""constraints"": [], ""priority"": ""normal"", ""action"": ""continue"", ""details"": {""unvalidated_source"": false, ""former_customer"": false, ""price_sensitive"": false, ""competitive_process"": false, ""existing_contract"": false, ""referral_from_current_account"": true, ""low_interest"": false, ""seniority_requested"": false, ""sector_expertise_requested"": false, ""do_not_contact"": false, ""possible_duplicate"": false, ""requires_manual_review"": false, ""account_complexity"": ""unknown"", ""urgency"": ""normal"", ""preferred_contact_channel"": null, ""data_confidence"": ""high"", ""assignment_action"": ""continue"", ""decision_maker_type"": null, ""technical_expertise"": null, ""decision_window"": null, ""contact_after_time"": null, ""site_count"": null, ""competitor_count"": null}, ""needs_review"": false, ""reason_codes"": [""DATA_CONFIDENCE"", ""REFERRAL_FROM_CURRENT_ACCOUNT""]}",approved_golden_with_context_rule,approved
75,Lo refirió el gerente de una cuenta actual.,Lo refirió el gerente de una cuenta actual.,True,NOTE-009,9,"{""requirements"": [], ""signals"": [""referral_from_current_account""], ""constraints"": [], ""priority"": ""normal"", ""action"": ""continue"", ""details"": {""unvalidated_source"": false, ""former_customer"": false, ""price_sensitive"": false, ""competitive_process"": false, ""existing_contract"": false, ""referral_from_current_account"": true, ""low_interest"": false, ""seniority_requested"": false, ""sector_expertise_requested"": false, ""do_not_contact"": false, ""possible_duplicate"": false, ""requires_manual_review"": false, ""account_complexity"": ""unknown"", ""urgency"": ""normal"", ""preferred_contact_channel"": null, ""data_confidence"": ""high"", ""assignment_action"": ""continue"", ""decision_maker_type"": null, ""technical_expertise"": null, ""decision_window"": null, ""contact_after_time"": null, ""site_count"": null, ""competitor_count"": null}, ""needs_review"": false, ""reason_codes"": [""DATA_CONFIDENCE"", ""REFERRAL_FROM_CURRENT_ACCOUNT""]}",approved_golden_with_context_rule,approved
76,Solicitó información de eficiencia energética para planta nueva.,Solicitó información de eficiencia energética para planta nueva.,True,NOTE-008,10,"{""requirements"": [""technical_expertise""], ""signals"": [], ""constraints"": [], ""priority"": ""normal"", ""action"": ""continue"", ""details"": {""unvalidated_source"": false, ""former_customer"": false, ""price_sensitive"": false, ""competitive_process"": false, ""existing_contract"": false, ""referral_from_current_account"": false, ""low_interest"": false, ""seniority_requested"": false, ""sector_expertise_requested"": false, ""do_not_contact"": false, ""possible_duplicate"": false, ""requires_manual_review"": false, ""account_complexity"": ""high"", ""urgency"": ""normal"", ""preferred_contact_channel"": null, ""data_confidence"": ""medium"", ""assignment_action"": ""continue"", ""decision_maker_type"": null, ""technical_expertise"": ""energy_efficiency"", ""decision_window"": null, ""contact_after_time"": null, ""site_count"": null, ""competitor_count"": null}, ""needs_review"": false, ""reason_codes"": [""COMPLEX_ACCOUNT"", ""ENERGY_EFFICIENCY""]}",approved_golden_with_context_rule,approved
77,,,False,,0,"{""requirements"": [], ""signals"": [], ""constraints"": [], ""priority"": ""normal"", ""action"": ""continue"", ""details"": {""unvalidated_source"": false, ""former_customer"": false, ""price_sensitive"": false, ""competitive_process"": false, ""existing_contract"": false, ""referral_from_current_account"": false, ""low_interest"": false, ""seniority_requested"": false, ""sector_expertise_requested"": false, ""do_not_contact"": false, ""possible_duplicate"": false, ""requires_manual_review"": false, ""account_complexity"": ""unknown"", ""urgency"": ""normal"", ""preferred_contact_channel"": null, ""data_confidence"": ""medium"", ""assignment_action"": ""continue"", ""decision_maker_type"": null, ""technical_expertise"": null, ""decision_window"": null, ""contact_after_time"": null, ""site_count"": null, ""competitor_count"": null}, ""needs_review"": false, ""reason_codes"": []}",empty_note_default,not_applicable
78,Insistió en hablar con alguien senior.,Insistió en hablar con alguien senior.,True,NOTE-011,7,"{""requirements"": [""seniority_requested""], ""signals"": [], ""constraints"": [], ""priority"": ""normal"", ""action"": ""continue"", ""details"": {""unvalidated_source"": false, ""former_customer"": false, ""price_sensitive"": false, ""competitive_process"": false, ""existing_contract"": false, ""referral_from_current_account"": false, ""low_interest"": false, ""seniority_requested"": true, ""sector_expertise_requested"": false, ""do_not_contact"": false, ""possible_duplicate"": false, ""requires_manual_review"": false, ""account_complexity"": ""unknown"", ""urgency"": ""normal"", ""preferred_contact_channel"": null, ""data_confidence"": ""medium"", ""assignment_action"": ""continue"", ""decision_maker_type"": null, ""technical_expertise"": null, ""decision_window"": null, ""contact_after_time"": null, ""site_count"": null, ""competitor_count"": null}, ""needs_review"": false, ""reason_codes"": [""SENIORITY_REQUESTED""]}",approved_golden_with_context_rule,approved
79,,,False,,0,"{""requirements"": [], ""signals"": [], ""constraints"": [], ""priority"": ""normal"", ""action"": ""continue"", ""details"": {""unvalidated_source"": false, ""former_customer"": false, ""price_sensitive"": false, ""competitive_process"": false, ""existing_contract"": false, ""referral_from_current_account"": false, ""low_interest"": false, ""seniority_requested"": false, ""sector_expertise_requested"": false, ""do_not_contact"": false, ""possible_duplicate"": false, ""requires_manual_review"": false, ""account_complexity"": ""unknown"", ""urgency"": ""normal"", ""preferred_contact_channel"": null, ""data_confidence"": ""medium"", ""assignment_action"": ""continue"", ""decision_maker_type"": null, ""technical_expertise"": null, ""decision_window"": null, ""contact_after_time"": null, ""site_count"": null, ""competitor_count"": null}, ""needs_review"": false, ""reason_codes"": []}",empty_note_default,not_applicable
80,"Registro cargado desde base comprada, sin validar.","Registro cargado desde base comprada, sin validar.",True,NOTE-001,18,"{""requirements"": [], ""signals"": [""unvalidated_source""], ""constraints"": [], ""priority"": ""normal"", ""action"": ""validate_first"", ""details"": {""unvalidated_source"": true, ""former_customer"": false, ""price_sensitive"": false, ""competitive_process"": false, ""existing_contract"": false, ""referral_from_current_account"": false, ""low_interest"": false, ""seniority_requested"": false, ""sector_expertise_requested"": false, ""do_not_contact"": false, ""possible_duplicate"": false, ""requires_manual_review"": false, ""account_complexity"": ""unknown"", ""urgency"": ""normal"", ""preferred_contact_channel"": null, ""data_confidence"": ""low"", ""assignment_action"": ""validate_first"", ""decision_maker_type"": null, ""technical_expertise"": null, ""decision_window"": null, ""contact_after_time"": null, ""site_count"": null, ""competitor_count"": null}, ""needs_review"": false, ""reason_codes"": [""ACTION"", ""DATA_CONFIDENCE"", ""UNVALIDATED_SOURCE""]}",approved_golden_with_context_rule,approved
81,"Registro cargado desde base comprada, sin validar.","Registro cargado desde base comprada, sin validar.",True,NOTE-001,18,"{""requirements"": [], ""signals"": [""unvalidated_source""], ""constraints"": [], ""priority"": ""normal"", ""action"": ""validate_first"", ""details"": {""unvalidated_source"": true, ""former_customer"": false, ""price_sensitive"": false, ""competitive_process"": false, ""existing_contract"": false, ""referral_from_current_account"": false, ""low_interest"": false, ""seniority_requested"": false, ""sector_expertise_requested"": false, ""do_not_contact"": false, ""possible_duplicate"": false, ""requires_manual_review"": false, ""account_complexity"": ""unknown"", ""urgency"": ""normal"", ""preferred_contact_channel"": null, ""data_confidence"": ""low"", ""assignment_action"": ""validate_first"", ""decision_maker_type"": null, ""technical_expertise"": null, ""decision_window"": null, ""contact_after_time"": null, ""site_count"": null, ""competitor_count"": null}, ""needs_review"": false, ""reason_codes"": [""ACTION"", ""DATA_CONFIDENCE"", ""UNVALIDATED_SOURCE""]}",approved_golden_with_context_rule,approved
82,"Ya fue cliente en 2023, se retiró por precio.","Ya fue cliente en 2023, se retiró por precio.",True,NOTE-003,12,"{""requirements"": [], ""signals"": [""former_customer"", ""price_sensitive""], ""constraints"": [], ""priority"": ""normal"", ""action"": ""continue"", ""details"": {""unvalidated_source"": false, ""former_customer"": true, ""price_sensitive"": true, ""competitive_process"": false, ""existing_contract"": false, ""referral_from_current_account"": false, ""low_interest"": false, ""seniority_requested"": false, ""sector_expertise_requested"": false, ""do_not_contact"": false, ""possible_duplicate"": false, ""requires_manual_review"": false, ""account_complexity"": ""unknown"", ""urgency"": ""normal"", ""preferred_contact_channel"": null, ""data_confidence"": ""medium"", ""assignment_action"": ""continue"", ""decision_maker_type"": null, ""technical_expertise"": null, ""decision_window"": null, ""contact_after_time"": null, ""site_count"": null, ""competitor_count"": null}, ""needs_review"": false, ""reason_codes"": [""FORMER_CUSTOMER"", ""PRICE_SENSITIVE""]}",approved_golden_with_context_rule,approved
83,,,False,,0,"{""requirements"": [], ""signals"": [], ""constraints"": [], ""priority"": ""normal"", ""action"": ""continue"", ""details"": {""unvalidated_source"": false, ""former_customer"": false, ""price_sensitive"": false, ""competitive_process"": false, ""existing_contract"": false, ""referral_from_current_account"": false, ""low_interest"": false, ""seniority_requested"": false, ""sector_expertise_requested"": false, ""do_not_contact"": false, ""possible_duplicate"": false, ""requires_manual_review"": false, ""account_complexity"": ""unknown"", ""urgency"": ""normal"", ""preferred_contact_channel"": null, ""data_confidence"": ""medium"", ""assignment_action"": ""continue"", ""decision_maker_type"": null, ""technical_expertise"": null, ""decision_window"": null, ""contact_after_time"": null, ""site_count"": null, ""competitor_count"": null}, ""needs_review"": false, ""reason_codes"": []}",empty_note_default,not_applicable
84,Pidió que lo contacte alguien que conozca el sector.,Pidió que lo contacte alguien que conozca el sector.,True,NOTE-013,6,"{""requirements"": [""sector_expertise_requested""], ""signals"": [], ""constraints"": [], ""priority"": ""normal"", ""action"": ""continue"", ""details"": {""unvalidated_source"": false, ""former_customer"": false, ""price_sensitive"": false, ""competitive_process"": false, ""existing_contract"": false, ""referral_from_current_account"": false, ""low_interest"": false, ""seniority_requested"": false, ""sector_expertise_requested"": true, ""do_not_contact"": false, ""possible_duplicate"": false, ""requires_manual_review"": false, ""account_complexity"": ""unknown"", ""urgency"": ""normal"", ""preferred_contact_channel"": null, ""data_confidence"": ""medium"", ""assignment_action"": ""continue"", ""decision_maker_type"": null, ""technical_expertise"": null, ""decision_window"": null, ""contact_after_time"": null, ""site_count"": null, ""competitor_count"": null}, ""needs_review"": false, ""reason_codes"": [""SECTOR_EXPERTISE_REQUESTED""]}",approved_golden_with_context_rule,approved
85,Insistió en hablar con alguien senior.,Insistió en hablar con alguien senior.,True,NOTE-011,7,"{""requirements"": [""seniority_requested""], ""signals"": [], ""constraints"": [], ""priority"": ""normal"", ""action"": ""continue"", ""details"": {""unvalidated_source"": false, ""former_customer"": false, ""price_sensitive"": false, ""competitive_process"": false, ""existing_contract"": false, ""referral_from_current_account"": false, ""low_interest"": false, ""seniority_requested"": true, ""sector_expertise_requested"": false, ""do_not_contact"": false, ""possible_duplicate"": false, ""requires_manual_review"": false, ""account_complexity"": ""unknown"", ""urgency"": ""normal"", ""preferred_contact_channel"": null, ""data_confidence"": ""medium"", ""assignment_action"": ""continue"", ""decision_maker_type"": null, ""technical_expertise"": null, ""decision_window"": null, ""contact_after_time"": null, ""site_count"": null, ""competitor_count"": null}, ""needs_review"": false, ""reason_codes"": [""SENIORITY_REQUESTED""]}",approved_golden_with_context_rule,approved
86,"Correo rebotado, el celular sí contesta.","Correo rebotado, el celular sí contesta.",True,NOTE-005,11,"{""requirements"": [], ""signals"": [], ""constraints"": [], ""priority"": ""normal"", ""action"": ""continue"", ""details"": {""unvalidated_source"": false, ""former_customer"": false, ""price_sensitive"": false, ""competitive_process"": false, ""existing_contract"": false, ""referral_from_current_account"": false, ""low_interest"": false, ""seniority_requested"": false, ""sector_expertise_requested"": false, ""do_not_contact"": false, ""possible_duplicate"": false, ""requires_manual_review"": false, ""account_complexity"": ""unknown"", ""urgency"": ""normal"", ""preferred_contact_channel"": ""phone"", ""data_confidence"": ""medium"", ""assignment_action"": ""continue"", ""decision_maker_type"": null, ""technical_expertise"": null, ""decision_window"": null, ""contact_after_time"": null, ""site_count"": null, ""competitor_count"": null}, ""needs_review"": false, ""reason_codes"": [""CONTACT_CHANNEL""]}",approved_golden_with_context_rule,approved
87,Solicitó información de eficiencia energética para planta nueva.,Solicitó información de eficiencia energética para planta nueva.,True,NOTE-008,10,"{""requirements"": [""technical_expertise""], ""signals"": [], ""constraints"": [], ""priority"": ""normal"", ""action"": ""continue"", ""details"": {""unvalidated_source"": false, ""former_customer"": false, ""price_sensitive"": false, ""competitive_process"": false, ""existing_contract"": false, ""referral_from_current_account"": false, ""low_interest"": false, ""seniority_requested"": false, ""sector_expertise_requested"": false, ""do_not_contact"": false, ""possible_duplicate"": false, ""requires_manual_review"": false, ""account_complexity"": ""high"", ""urgency"": ""normal"", ""preferred_contact_channel"": null, ""data_confidence"": ""medium"", ""assignment_action"": ""continue"", ""decision_maker_type"": null, ""technical_expertise"": ""energy_efficiency"", ""decision_window"": null, ""contact_after_time"": null, ""site_count"": null, ""competitor_count"": null}, ""needs_review"": false, ""reason_codes"": [""COMPLEX_ACCOUNT"", ""ENERGY_EFFICIENCY""]}",approved_golden_with_context_rule,approved
88,,,False,,0,"{""requirements"": [], ""signals"": [], ""constraints"": [], ""priority"": ""normal"", ""action"": ""continue"", ""details"": {""unvalidated_source"": false, ""former_customer"": false, ""price_sensitive"": false, ""competitive_process"": false, ""existing_contract"": false, ""referral_from_current_account"": false, ""low_interest"": false, ""seniority_requested"": false, ""sector_expertise_requested"": false, ""do_not_contact"": false, ""possible_duplicate"": false, ""requires_manual_review"": false, ""account_complexity"": ""unknown"", ""urgency"": ""normal"", ""preferred_contact_channel"": null, ""data_confidence"": ""medium"", ""assignment_action"": ""continue"", ""decision_maker_type"": null, ""technical_expertise"": null, ""decision_window"": null, ""contact_after_time"": null, ""site_count"": null, ""competitor_count"": null}, ""needs_review"": false, ""reason_codes"": []}",empty_note_default,not_applicable
89,,,False,,0,"{""requirements"": [], ""signals"": [], ""constraints"": [], ""priority"": ""normal"", ""action"": ""continue"", ""details"": {""unvalidated_source"": false, ""former_customer"": false, ""price_sensitive"": false, ""competitive_process"": false, ""existing_contract"": false, ""referral_from_current_account"": false, ""low_interest"": false, ""seniority_requested"": false, ""sector_expertise_requested"": false, ""do_not_contact"": false, ""possible_duplicate"": false, ""requires_manual_review"": false, ""account_complexity"": ""unknown"", ""urgency"": ""normal"", ""preferred_contact_channel"": null, ""data_confidence"": ""medium"", ""assignment_action"": ""continue"", ""decision_maker_type"": null, ""technical_expertise"": null, ""decision_window"": null, ""contact_after_time"": null, ""site_count"": null, ""competitor_count"": null}, ""needs_review"": false, ""reason_codes"": []}",empty_note_default,not_applicable
90,,,False,,0,"{""requirements"": [], ""signals"": [], ""constraints"": [], ""priority"": ""normal"", ""action"": ""continue"", ""details"": {""unvalidated_source"": false, ""former_customer"": false, ""price_sensitive"": false, ""competitive_process"": false, ""existing_contract"": false, ""referral_from_current_account"": false, ""low_interest"": false, ""seniority_requested"": false, ""sector_expertise_requested"": false, ""do_not_contact"": false, ""possible_duplicate"": false, ""requires_manual_review"": false, ""account_complexity"": ""unknown"", ""urgency"": ""normal"", ""preferred_contact_channel"": null, ""data_confidence"": ""medium"", ""assignment_action"": ""continue"", ""decision_maker_type"": null, ""technical_expertise"": null, ""decision_window"": null, ""contact_after_time"": null, ""site_count"": null, ""competitor_count"": null}, ""needs_review"": false, ""reason_codes"": []}",empty_note_default,not_applicable
91,,,False,,0,"{""requirements"": [], ""signals"": [], ""constraints"": [], ""priority"": ""normal"", ""action"": ""continue"", ""details"": {""unvalidated_source"": false, ""former_customer"": false, ""price_sensitive"": false, ""competitive_process"": false, ""existing_contract"": false, ""referral_from_current_account"": false, ""low_interest"": false, ""seniority_requested"": false, ""sector_expertise_requested"": false, ""do_not_contact"": false, ""possible_duplicate"": false, ""requires_manual_review"": false, ""account_complexity"": ""unknown"", ""urgency"": ""normal"", ""preferred_contact_channel"": null, ""data_confidence"": ""medium"", ""assignment_action"": ""continue"", ""decision_maker_type"": null, ""technical_expertise"": null, ""decision_window"": null, ""contact_after_time"": null, ""site_count"": null, ""competitor_count"": null}, ""needs_review"": false, ""reason_codes"": []}",empty_note_default,not_applicable
92,Solicitó información de eficiencia energética para planta nueva.,Solicitó información de eficiencia energética para planta nueva.,True,NOTE-008,10,"{""requirements"": [""technical_expertise""], ""signals"": [], ""constraints"": [], ""priority"": ""normal"", ""action"": ""continue"", ""details"": {""unvalidated_source"": false, ""former_customer"": false, ""price_sensitive"": false, ""competitive_process"": false, ""existing_contract"": false, ""referral_from_current_account"": false, ""low_interest"": false, ""seniority_requested"": false, ""sector_expertise_requested"": false, ""do_not_contact"": false, ""possible_duplicate"": false, ""requires_manual_review"": false, ""account_complexity"": ""high"", ""urgency"": ""normal"", ""preferred_contact_channel"": null, ""data_confidence"": ""medium"", ""assignment_action"": ""continue"", ""decision_maker_type"": null, ""technical_expertise"": ""energy_efficiency"", ""decision_window"": null, ""contact_after_time"": null, ""site_count"": null, ""competitor_count"": null}, ""needs_review"": false, ""reason_codes"": [""COMPLEX_ACCOUNT"", ""ENERGY_EFFICIENCY""]}",approved_golden_with_context_rule,approved
93,,,False,,0,"{""requirements"": [], ""signals"": [], ""constraints"": [], ""priority"": ""normal"", ""action"": ""continue"", ""details"": {""unvalidated_source"": false, ""former_customer"": false, ""price_sensitive"": false, ""competitive_process"": false, ""existing_contract"": false, ""referral_from_current_account"": false, ""low_interest"": false, ""seniority_requested"": false, ""sector_expertise_requested"": false, ""do_not_contact"": false, ""possible_duplicate"": false, ""requires_manual_review"": false, ""account_complexity"": ""unknown"", ""urgency"": ""normal"", ""preferred_contact_channel"": null, ""data_confidence"": ""medium"", ""assignment_action"": ""continue"", ""decision_maker_type"": null, ""technical_expertise"": null, ""decision_window"": null, ""contact_after_time"": null, ""site_count"": null, ""competitor_count"": null}, ""needs_review"": false, ""reason_codes"": []}",empty_note_default,not_applicable
94,"Registro cargado desde base comprada, sin validar.","Registro cargado desde base comprada, sin validar.",True,NOTE-001,18,"{""requirements"": [], ""signals"": [""unvalidated_source""], ""constraints"": [], ""priority"": ""normal"", ""action"": ""validate_first"", ""details"": {""unvalidated_source"": true, ""former_customer"": false, ""price_sensitive"": false, ""competitive_process"": false, ""existing_contract"": false, ""referral_from_current_account"": false, ""low_interest"": false, ""seniority_requested"": false, ""sector_expertise_requested"": false, ""do_not_contact"": false, ""possible_duplicate"": false, ""requires_manual_review"": false, ""account_complexity"": ""unknown"", ""urgency"": ""normal"", ""preferred_contact_channel"": null, ""data_confidence"": ""low"", ""assignment_action"": ""validate_first"", ""decision_maker_type"": null, ""technical_expertise"": null, ""decision_window"": null, ""contact_after_time"": null, ""site_count"": null, ""competitor_count"": null}, ""needs_review"": false, ""reason_codes"": [""ACTION"", ""DATA_CONFIDENCE"", ""UNVALIDATED_SOURCE""]}",approved_golden_with_context_rule,approved
95,,,False,,0,"{""requirements"": [], ""signals"": [], ""constraints"": [], ""priority"": ""normal"", ""action"": ""continue"", ""details"": {""unvalidated_source"": false, ""former_customer"": false, ""price_sensitive"": false, ""competitive_process"": false, ""existing_contract"": false, ""referral_from_current_account"": false, ""low_interest"": false, ""seniority_requested"": false, ""sector_expertise_requested"": false, ""do_not_contact"": false, ""possible_duplicate"": false, ""requires_manual_review"": false, ""account_complexity"": ""unknown"", ""urgency"": ""normal"", ""preferred_contact_channel"": null, ""data_confidence"": ""medium"", ""assignment_action"": ""continue"", ""decision_maker_type"": null, ""technical_expertise"": null, ""decision_window"": null, ""contact_after_time"": null, ""site_count"": null, ""competitor_count"": null}, ""needs_review"": false, ""reason_codes"": []}",empty_note_default,not_applicable
96,,,False,,0,"{""requirements"": [], ""signals"": [], ""constraints"": [], ""priority"": ""normal"", ""action"": ""continue"", ""details"": {""unvalidated_source"": false, ""former_customer"": false, ""price_sensitive"": false, ""competitive_process"": false, ""existing_contract"": false, ""referral_from_current_account"": false, ""low_interest"": false, ""seniority_requested"": false, ""sector_expertise_requested"": false, ""do_not_contact"": false, ""possible_duplicate"": false, ""requires_manual_review"": false, ""account_complexity"": ""unknown"", ""urgency"": ""normal"", ""preferred_contact_channel"": null, ""data_confidence"": ""medium"", ""assignment_action"": ""continue"", ""decision_maker_type"": null, ""technical_expertise"": null, ""decision_window"": null, ""contact_after_time"": null, ""site_count"": null, ""competitor_count"": null}, ""needs_review"": false, ""reason_codes"": []}",empty_note_default,not_applicable
97,"Está comparando tres propuestas, decide este mes.","Está comparando tres propuestas, decide este mes.",True,NOTE-006,11,"{""requirements"": [], ""signals"": [""competitive_process""], ""constraints"": [], ""priority"": ""high"", ""action"": ""continue"", ""details"": {""unvalidated_source"": false, ""former_customer"": false, ""price_sensitive"": false, ""competitive_process"": true, ""existing_contract"": false, ""referral_from_current_account"": false, ""low_interest"": false, ""seniority_requested"": false, ""sector_expertise_requested"": false, ""do_not_contact"": false, ""possible_duplicate"": false, ""requires_manual_review"": false, ""account_complexity"": ""unknown"", ""urgency"": ""high"", ""preferred_contact_channel"": null, ""data_confidence"": ""medium"", ""assignment_action"": ""continue"", ""decision_maker_type"": null, ""technical_expertise"": null, ""decision_window"": ""this_month"", ""contact_after_time"": null, ""site_count"": null, ""competitor_count"": 3}, ""needs_review"": false, ""reason_codes"": [""COMPETITIVE_PROCESS"", ""COMPETITOR_COUNT"", ""DECISION_WINDOW"", ""URGENCY""]}",approved_golden_with_context_rule,approved
98,Lo refirió el gerente de una cuenta actual.,Lo refirió el gerente de una cuenta actual.,True,NOTE-009,9,"{""requirements"": [], ""signals"": [""referral_from_current_account""], ""constraints"": [], ""priority"": ""normal"", ""action"": ""continue"", ""details"": {""unvalidated_source"": false, ""former_customer"": false, ""price_sensitive"": false, ""competitive_process"": false, ""existing_contract"": false, ""referral_from_current_account"": true, ""low_interest"": false, ""seniority_requested"": false, ""sector_expertise_requested"": false, ""do_not_contact"": false, ""possible_duplicate"": false, ""requires_manual_review"": false, ""account_complexity"": ""unknown"", ""urgency"": ""normal"", ""preferred_contact_channel"": null, ""data_confidence"": ""high"", ""assignment_action"": ""continue"", ""decision_maker_type"": null, ""technical_expertise"": null, ""decision_window"": null, ""contact_after_time"": null, ""site_count"": null, ""competitor_count"": null}, ""needs_review"": false, ""reason_codes"": [""DATA_CONFIDENCE"", ""REFERRAL_FROM_CURRENT_ACCOUNT""]}",approved_golden_with_context_rule,approved
99,"Empresa familiar, decide el dueño directamente.","Empresa familiar, decide el dueño directamente.",True,NOTE-002,13,"{""requirements"": [], ""signals"": [], ""constraints"": [], ""priority"": ""normal"", ""action"": ""continue"", ""details"": {""unvalidated_source"": false, ""former_customer"": false, ""price_sensitive"": false, ""competitive_process"": false, ""existing_contract"": false, ""referral_from_current_account"": false, ""low_interest"": false, ""seniority_requested"": false, ""sector_expertise_requested"": false, ""do_not_contact"": false, ""possible_duplicate"": false, ""requires_manual_review"": false, ""account_complexity"": ""unknown"", ""urgency"": ""normal"", ""preferred_contact_channel"": null, ""data_confidence"": ""medium"", ""assignment_action"": ""continue"", ""decision_maker_type"": ""owner"", ""technical_expertise"": null, ""decision_window"": null, ""contact_after_time"": null, ""site_count"": null, ""competitor_count"": null}, ""needs_review"": false, ""reason_codes"": [""OWNER_DECISION_MAKER""]}",approved_golden_with_context_rule,approved
100,Ya lo contactamos en marzo y pidió que no insistiéramos.,Ya lo contactamos en marzo y pidió que no insistiéramos.,True,NOTE-014,4,"{""requirements"": [], ""signals"": [], ""constraints"": [""do_not_contact""], ""priority"": ""normal"", ""action"": ""block"", ""details"": {""unvalidated_source"": false, ""former_customer"": false, ""price_sensitive"": false, ""competitive_process"": false, ""existing_contract"": false, ""referral_from_current_account"": false, ""low_interest"": false, ""seniority_requested"": false, ""sector_expertise_requested"": false, ""do_not_contact"": true, ""possible_duplicate"": false, ""requires_manual_review"": false, ""account_complexity"": ""unknown"", ""urgency"": ""normal"", ""preferred_contact_channel"": null, ""data_confidence"": ""medium"", ""assignment_action"": ""block"", ""decision_maker_type"": null, ""technical_expertise"": null, ""decision_window"": null, ""contact_after_time"": null, ""site_count"": null, ""competitor_count"": null}, ""needs_review"": false, ""reason_codes"": [""ACTION"", ""DO_NOT_CONTACT""]}",approved_golden_with_context_rule,approved
101,,,False,,0,"{""requirements"": [], ""signals"": [], ""constraints"": [], ""priority"": ""normal"", ""action"": ""continue"", ""details"": {""unvalidated_source"": false, ""former_customer"": false, ""price_sensitive"": false, ""competitive_process"": false, ""existing_contract"": false, ""referral_from_current_account"": false, ""low_interest"": false, ""seniority_requested"": false, ""sector_expertise_requested"": false, ""do_not_contact"": false, ""possible_duplicate"": false, ""requires_manual_review"": false, ""account_complexity"": ""unknown"", ""urgency"": ""normal"", ""preferred_contact_channel"": null, ""data_confidence"": ""medium"", ""assignment_action"": ""continue"", ""decision_maker_type"": null, ""technical_expertise"": null, ""decision_window"": null, ""contact_after_time"": null, ""site_count"": null, ""competitor_count"": null}, ""needs_review"": false, ""reason_codes"": []}",empty_note_default,not_applicable
102,,,False,,0,"{""requirements"": [], ""signals"": [], ""constraints"": [], ""priority"": ""normal"", ""action"": ""continue"", ""details"": {""unvalidated_source"": false, ""former_customer"": false, ""price_sensitive"": false, ""competitive_process"": false, ""existing_contract"": false, ""referral_from_current_account"": false, ""low_interest"": false, ""seniority_requested"": false, ""sector_expertise_requested"": false, ""do_not_contact"": false, ""possible_duplicate"": false, ""requires_manual_review"": false, ""account_complexity"": ""unknown"", ""urgency"": ""normal"", ""preferred_contact_channel"": null, ""data_confidence"": ""medium"", ""assignment_action"": ""continue"", ""decision_maker_type"": null, ""technical_expertise"": null, ""decision_window"": null, ""contact_after_time"": null, ""site_count"": null, ""competitor_count"": null}, ""needs_review"": false, ""reason_codes"": []}",empty_note_default,not_applicable
103,"Empresa familiar, decide el dueño directamente.","Empresa familiar, decide el dueño directamente.",True,NOTE-002,13,"{""requirements"": [], ""signals"": [], ""constraints"": [], ""priority"": ""normal"", ""action"": ""continue"", ""details"": {""unvalidated_source"": false, ""former_customer"": false, ""price_sensitive"": false, ""competitive_process"": false, ""existing_contract"": false, ""referral_from_current_account"": false, ""low_interest"": false, ""seniority_requested"": false, ""sector_expertise_requested"": false, ""do_not_contact"": false, ""possible_duplicate"": false, ""requires_manual_review"": false, ""account_complexity"": ""unknown"", ""urgency"": ""normal"", ""preferred_contact_channel"": null, ""data_confidence"": ""medium"", ""assignment_action"": ""continue"", ""decision_maker_type"": ""owner"", ""technical_expertise"": null, ""decision_window"": null, ""contact_after_time"": null, ""site_count"": null, ""competitor_count"": null}, ""needs_review"": false, ""reason_codes"": [""OWNER_DECISION_MAKER""]}",approved_golden_with_context_rule,approved
104,"Ya fue cliente en 2023, se retiró por precio.","Ya fue cliente en 2023, se retiró por precio.",True,NOTE-003,12,"{""requirements"": [], ""signals"": [""former_customer"", ""price_sensitive""], ""constraints"": [], ""priority"": ""normal"", ""action"": ""continue"", ""details"": {""unvalidated_source"": false, ""former_customer"": true, ""price_sensitive"": true, ""competitive_process"": false, ""existing_contract"": false, ""referral_from_current_account"": false, ""low_interest"": false, ""seniority_requested"": false, ""sector_expertise_requested"": false, ""do_not_contact"": false, ""possible_duplicate"": false, ""requires_manual_review"": false, ""account_complexity"": ""unknown"", ""urgency"": ""normal"", ""preferred_contact_channel"": null, ""data_confidence"": ""medium"", ""assignment_action"": ""continue"", ""decision_maker_type"": null, ""technical_expertise"": null, ""decision_window"": null, ""contact_after_time"": null, ""site_count"": null, ""competitor_count"": null}, ""needs_review"": false, ""reason_codes"": [""FORMER_CUSTOMER"", ""PRICE_SENSITIVE""]}",approved_golden_with_context_rule,approved
105,Ya lo contactamos en marzo y pidió que no insistiéramos.,Ya lo contactamos en marzo y pidió que no insistiéramos.,True,NOTE-014,4,"{""requirements"": [], ""signals"": [], ""constraints"": [""do_not_contact""], ""priority"": ""normal"", ""action"": ""block"", ""details"": {""unvalidated_source"": false, ""former_customer"": false, ""price_sensitive"": false, ""competitive_process"": false, ""existing_contract"": false, ""referral_from_current_account"": false, ""low_interest"": false, ""seniority_requested"": false, ""sector_expertise_requested"": false, ""do_not_contact"": true, ""possible_duplicate"": false, ""requires_manual_review"": false, ""account_complexity"": ""unknown"", ""urgency"": ""normal"", ""preferred_contact_channel"": null, ""data_confidence"": ""medium"", ""assignment_action"": ""block"", ""decision_maker_type"": null, ""technical_expertise"": null, ""decision_window"": null, ""contact_after_time"": null, ""site_count"": null, ""competitor_count"": null}, ""needs_review"": false, ""reason_codes"": [""ACTION"", ""DO_NOT_CONTACT""]}",approved_golden_with_context_rule,approved
106,Pidió que lo contacte alguien que conozca el sector.,Pidió que lo contacte alguien que conozca el sector.,True,NOTE-013,6,"{""requirements"": [""sector_expertise_requested""], ""signals"": [], ""constraints"": [], ""priority"": ""normal"", ""action"": ""continue"", ""details"": {""unvalidated_source"": false, ""former_customer"": false, ""price_sensitive"": false, ""competitive_process"": false, ""existing_contract"": false, ""referral_from_current_account"": false, ""low_interest"": false, ""seniority_requested"": false, ""sector_expertise_requested"": true, ""do_not_contact"": false, ""possible_duplicate"": false, ""requires_manual_review"": false, ""account_complexity"": ""unknown"", ""urgency"": ""normal"", ""preferred_contact_channel"": null, ""data_confidence"": ""medium"", ""assignment_action"": ""continue"", ""decision_maker_type"": null, ""technical_expertise"": null, ""decision_window"": null, ""contact_after_time"": null, ""site_count"": null, ""competitor_count"": null}, ""needs_review"": false, ""reason_codes"": [""SECTOR_EXPERTISE_REQUESTED""]}",approved_golden_with_context_rule,approved
107,"Correo rebotado, el celular sí contesta.","Correo rebotado, el celular sí contesta.",True,NOTE-005,11,"{""requirements"": [], ""signals"": [], ""constraints"": [], ""priority"": ""normal"", ""action"": ""continue"", ""details"": {""unvalidated_source"": false, ""former_customer"": false, ""price_sensitive"": false, ""competitive_process"": false, ""existing_contract"": false, ""referral_from_current_account"": false, ""low_interest"": false, ""seniority_requested"": false, ""sector_expertise_requested"": false, ""do_not_contact"": false, ""possible_duplicate"": false, ""requires_manual_review"": false, ""account_complexity"": ""unknown"", ""urgency"": ""normal"", ""preferred_contact_channel"": ""phone"", ""data_confidence"": ""medium"", ""assignment_action"": ""continue"", ""decision_maker_type"": null, ""technical_expertise"": null, ""decision_window"": null, ""contact_after_time"": null, ""site_count"": null, ""competitor_count"": null}, ""needs_review"": false, ""reason_codes"": [""CONTACT_CHANNEL""]}",approved_golden_with_context_rule,approved
108,"Empresa familiar, decide el dueño directamente.","Empresa familiar, decide el dueño directamente.",True,NOTE-002,13,"{""requirements"": [], ""signals"": [], ""constraints"": [], ""priority"": ""normal"", ""action"": ""continue"", ""details"": {""unvalidated_source"": false, ""former_customer"": false, ""price_sensitive"": false, ""competitive_process"": false, ""existing_contract"": false, ""referral_from_current_account"": false, ""low_interest"": false, ""seniority_requested"": false, ""sector_expertise_requested"": false, ""do_not_contact"": false, ""possible_duplicate"": false, ""requires_manual_review"": false, ""account_complexity"": ""unknown"", ""urgency"": ""normal"", ""preferred_contact_channel"": null, ""data_confidence"": ""medium"", ""assignment_action"": ""continue"", ""decision_maker_type"": ""owner"", ""technical_expertise"": null, ""decision_window"": null, ""contact_after_time"": null, ""site_count"": null, ""competitor_count"": null}, ""needs_review"": false, ""reason_codes"": [""OWNER_DECISION_MAKER""]}",approved_golden_with_context_rule,approved
109,Solicitó información de eficiencia energética para planta nueva.,Solicitó información de eficiencia energética para planta nueva.,True,NOTE-008,10,"{""requirements"": [""technical_expertise""], ""signals"": [], ""constraints"": [], ""priority"": ""normal"", ""action"": ""continue"", ""details"": {""unvalidated_source"": false, ""former_customer"": false, ""price_sensitive"": false, ""competitive_process"": false, ""existing_contract"": false, ""referral_from_current_account"": false, ""low_interest"": false, ""seniority_requested"": false, ""sector_expertise_requested"": false, ""do_not_contact"": false, ""possible_duplicate"": false, ""requires_manual_review"": false, ""account_complexity"": ""high"", ""urgency"": ""normal"", ""preferred_contact_channel"": null, ""data_confidence"": ""medium"", ""assignment_action"": ""continue"", ""decision_maker_type"": null, ""technical_expertise"": ""energy_efficiency"", ""decision_window"": null, ""contact_after_time"": null, ""site_count"": null, ""competitor_count"": null}, ""needs_review"": false, ""reason_codes"": [""COMPLEX_ACCOUNT"", ""ENERGY_EFFICIENCY""]}",approved_golden_with_context_rule,approved
110,,,False,,0,"{""requirements"": [], ""signals"": [], ""constraints"": [], ""priority"": ""normal"", ""action"": ""continue"", ""details"": {""unvalidated_source"": false, ""former_customer"": false, ""price_sensitive"": false, ""competitive_process"": false, ""existing_contract"": false, ""referral_from_current_account"": false, ""low_interest"": false, ""seniority_requested"": false, ""sector_expertise_requested"": false, ""do_not_contact"": false, ""possible_duplicate"": false, ""requires_manual_review"": false, ""account_complexity"": ""unknown"", ""urgency"": ""normal"", ""preferred_contact_channel"": null, ""data_confidence"": ""medium"", ""assignment_action"": ""continue"", ""decision_maker_type"": null, ""technical_expertise"": null, ""decision_window"": null, ""contact_after_time"": null, ""site_count"": null, ""competitor_count"": null}, ""needs_review"": false, ""reason_codes"": []}",empty_note_default,not_applicable
111,Pidió que lo contacte alguien que conozca el sector.,Pidió que lo contacte alguien que conozca el sector.,True,NOTE-013,6,"{""requirements"": [""sector_expertise_requested""], ""signals"": [], ""constraints"": [], ""priority"": ""normal"", ""action"": ""continue"", ""details"": {""unvalidated_source"": false, ""former_customer"": false, ""price_sensitive"": false, ""competitive_process"": false, ""existing_contract"": false, ""referral_from_current_account"": false, ""low_interest"": false, ""seniority_requested"": false, ""sector_expertise_requested"": true, ""do_not_contact"": false, ""possible_duplicate"": false, ""requires_manual_review"": false, ""account_complexity"": ""unknown"", ""urgency"": ""normal"", ""preferred_contact_channel"": null, ""data_confidence"": ""medium"", ""assignment_action"": ""continue"", ""decision_maker_type"": null, ""technical_expertise"": null, ""decision_window"": null, ""contact_after_time"": null, ""site_count"": null, ""competitor_count"": null}, ""needs_review"": false, ""reason_codes"": [""SECTOR_EXPERTISE_REQUESTED""]}",approved_golden_with_context_rule,approved
112,Llamar únicamente después de las 2 pm.,Llamar únicamente después de las 2 pm.,True,NOTE-012,6,"{""requirements"": [], ""signals"": [], ""constraints"": [""contact_after_time""], ""priority"": ""normal"", ""action"": ""continue"", ""details"": {""unvalidated_source"": false, ""former_customer"": false, ""price_sensitive"": false, ""competitive_process"": false, ""existing_contract"": false, ""referral_from_current_account"": false, ""low_interest"": false, ""seniority_requested"": false, ""sector_expertise_requested"": false, ""do_not_contact"": false, ""possible_duplicate"": false, ""requires_manual_review"": false, ""account_complexity"": ""unknown"", ""urgency"": ""normal"", ""preferred_contact_channel"": ""phone"", ""data_confidence"": ""medium"", ""assignment_action"": ""continue"", ""decision_maker_type"": null, ""technical_expertise"": null, ""decision_window"": null, ""contact_after_time"": ""14:00"", ""site_count"": null, ""competitor_count"": null}, ""needs_review"": false, ""reason_codes"": [""CONTACT_AFTER_TIME"", ""CONTACT_CHANNEL""]}",approved_golden_with_context_rule,approved
113,Pidió que lo contacte alguien que conozca el sector.,Pidió que lo contacte alguien que conozca el sector.,True,NOTE-013,6,"{""requirements"": [""sector_expertise_requested""], ""signals"": [], ""constraints"": [], ""priority"": ""normal"", ""action"": ""continue"", ""details"": {""unvalidated_source"": false, ""former_customer"": false, ""price_sensitive"": false, ""competitive_process"": false, ""existing_contract"": false, ""referral_from_current_account"": false, ""low_interest"": false, ""seniority_requested"": false, ""sector_expertise_requested"": true, ""do_not_contact"": false, ""possible_duplicate"": false, ""requires_manual_review"": false, ""account_complexity"": ""unknown"", ""urgency"": ""normal"", ""preferred_contact_channel"": null, ""data_confidence"": ""medium"", ""assignment_action"": ""continue"", ""decision_maker_type"": null, ""technical_expertise"": null, ""decision_window"": null, ""contact_after_time"": null, ""site_count"": null, ""competitor_count"": null}, ""needs_review"": false, ""reason_codes"": [""SECTOR_EXPERTISE_REQUESTED""]}",approved_golden_with_context_rule,approved
114,"Registro cargado desde base comprada, sin validar.","Registro cargado desde base comprada, sin validar.",True,NOTE-001,18,"{""requirements"": [], ""signals"": [""unvalidated_source""], ""constraints"": [], ""priority"": ""normal"", ""action"": ""validate_first"", ""details"": {""unvalidated_source"": true, ""former_customer"": false, ""price_sensitive"": false, ""competitive_process"": false, ""existing_contract"": false, ""referral_from_current_account"": false, ""low_interest"": false, ""seniority_requested"": false, ""sector_expertise_requested"": false, ""do_not_contact"": false, ""possible_duplicate"": false, ""requires_manual_review"": false, ""account_complexity"": ""unknown"", ""urgency"": ""normal"", ""preferred_contact_channel"": null, ""data_confidence"": ""low"", ""assignment_action"": ""validate_first"", ""decision_maker_type"": null, ""technical_expertise"": null, ""decision_window"": null, ""contact_after_time"": null, ""site_count"": null, ""competitor_count"": null}, ""needs_review"": false, ""reason_codes"": [""ACTION"", ""DATA_CONFIDENCE"", ""UNVALIDATED_SOURCE""]}",approved_golden_with_context_rule,approved
115,"Quiere propuesta para siete sedes, no para una.","Quiere propuesta para siete sedes, no para una.",True,NOTE-004,12,"{""requirements"": [], ""signals"": [], ""constraints"": [], ""priority"": ""normal"", ""action"": ""continue"", ""details"": {""unvalidated_source"": false, ""former_customer"": false, ""price_sensitive"": false, ""competitive_process"": false, ""existing_contract"": false, ""referral_from_current_account"": false, ""low_interest"": false, ""seniority_requested"": false, ""sector_expertise_requested"": false, ""do_not_contact"": false, ""possible_duplicate"": false, ""requires_manual_review"": false, ""account_complexity"": ""high"", ""urgency"": ""normal"", ""preferred_contact_channel"": null, ""data_confidence"": ""medium"", ""assignment_action"": ""continue"", ""decision_maker_type"": null, ""technical_expertise"": null, ""decision_window"": null, ""contact_after_time"": null, ""site_count"": 7, ""competitor_count"": null}, ""needs_review"": false, ""reason_codes"": [""COMPLEX_ACCOUNT"", ""SITE_COUNT""]}",approved_golden_with_context_rule,approved
116,"Quiere propuesta para siete sedes, no para una.","Quiere propuesta para siete sedes, no para una.",True,NOTE-004,12,"{""requirements"": [], ""signals"": [], ""constraints"": [], ""priority"": ""normal"", ""action"": ""continue"", ""details"": {""unvalidated_source"": false, ""former_customer"": false, ""price_sensitive"": false, ""competitive_process"": false, ""existing_contract"": false, ""referral_from_current_account"": false, ""low_interest"": false, ""seniority_requested"": false, ""sector_expertise_requested"": false, ""do_not_contact"": false, ""possible_duplicate"": false, ""requires_manual_review"": false, ""account_complexity"": ""high"", ""urgency"": ""normal"", ""preferred_contact_channel"": null, ""data_confidence"": ""medium"", ""assignment_action"": ""continue"", ""decision_maker_type"": null, ""technical_expertise"": null, ""decision_window"": null, ""contact_after_time"": null, ""site_count"": 7, ""competitor_count"": null}, ""needs_review"": false, ""reason_codes"": [""COMPLEX_ACCOUNT"", ""SITE_COUNT""]}",approved_golden_with_context_rule,approved
117,"Ya fue cliente en 2023, se retiró por precio.","Ya fue cliente en 2023, se retiró por precio.",True,NOTE-003,12,"{""requirements"": [], ""signals"": [""former_customer"", ""price_sensitive""], ""constraints"": [], ""priority"": ""normal"", ""action"": ""continue"", ""details"": {""unvalidated_source"": false, ""former_customer"": true, ""price_sensitive"": true, ""competitive_process"": false, ""existing_contract"": false, ""referral_from_current_account"": false, ""low_interest"": false, ""seniority_requested"": false, ""sector_expertise_requested"": false, ""do_not_contact"": false, ""possible_duplicate"": false, ""requires_manual_review"": false, ""account_complexity"": ""unknown"", ""urgency"": ""normal"", ""preferred_contact_channel"": null, ""data_confidence"": ""medium"", ""assignment_action"": ""continue"", ""decision_maker_type"": null, ""technical_expertise"": null, ""decision_window"": null, ""contact_after_time"": null, ""site_count"": null, ""competitor_count"": null}, ""needs_review"": false, ""reason_codes"": [""FORMER_CUSTOMER"", ""PRICE_SENSITIVE""]}",approved_golden_with_context_rule,approved
118,"Registro cargado desde base comprada, sin validar.","Registro cargado desde base comprada, sin validar.",True,NOTE-001,18,"{""requirements"": [], ""signals"": [""unvalidated_source""], ""constraints"": [], ""priority"": ""normal"", ""action"": ""validate_first"", ""details"": {""unvalidated_source"": true, ""former_customer"": false, ""price_sensitive"": false, ""competitive_process"": false, ""existing_contract"": false, ""referral_from_current_account"": false, ""low_interest"": false, ""seniority_requested"": false, ""sector_expertise_requested"": false, ""do_not_contact"": false, ""possible_duplicate"": false, ""requires_manual_review"": false, ""account_complexity"": ""unknown"", ""urgency"": ""normal"", ""preferred_contact_channel"": null, ""data_confidence"": ""low"", ""assignment_action"": ""validate_first"", ""decision_maker_type"": null, ""technical_expertise"": null, ""decision_window"": null, ""contact_after_time"": null, ""site_count"": null, ""competitor_count"": null}, ""needs_review"": false, ""reason_codes"": [""ACTION"", ""DATA_CONFIDENCE"", ""UNVALIDATED_SOURCE""]}",approved_golden_with_context_rule,approved
119,Solicitó información de eficiencia energética para planta nueva.,Solicitó información de eficiencia energética para planta nueva.,True,NOTE-008,10,"{""requirements"": [""technical_expertise""], ""signals"": [], ""constraints"": [], ""priority"": ""normal"", ""action"": ""continue"", ""details"": {""unvalidated_source"": false, ""former_customer"": false, ""price_sensitive"": false, ""competitive_process"": false, ""existing_contract"": false, ""referral_from_current_account"": false, ""low_interest"": false, ""seniority_requested"": false, ""sector_expertise_requested"": false, ""do_not_contact"": false, ""possible_duplicate"": false, ""requires_manual_review"": false, ""account_complexity"": ""high"", ""urgency"": ""normal"", ""preferred_contact_channel"": null, ""data_confidence"": ""medium"", ""assignment_action"": ""continue"", ""decision_maker_type"": null, ""technical_expertise"": ""energy_efficiency"", ""decision_window"": null, ""contact_after_time"": null, ""site_count"": null, ""competitor_count"": null}, ""needs_review"": false, ""reason_codes"": [""COMPLEX_ACCOUNT"", ""ENERGY_EFFICIENCY""]}",approved_golden_with_context_rule,approved
120,"Dejó los datos en el stand de la feria, mostró poco interés.","Dejó los datos en el stand de la feria, mostró poco interés.",True,NOTE-010,8,"{""requirements"": [], ""signals"": [""low_interest""], ""constraints"": [], ""priority"": ""low"", ""action"": ""continue"", ""details"": {""unvalidated_source"": false, ""former_customer"": false, ""price_sensitive"": false, ""competitive_process"": false, ""existing_contract"": false, ""referral_from_current_account"": false, ""low_interest"": true, ""seniority_requested"": false, ""sector_expertise_requested"": false, ""do_not_contact"": false, ""possible_duplicate"": false, ""requires_manual_review"": false, ""account_complexity"": ""unknown"", ""urgency"": ""low"", ""preferred_contact_channel"": null, ""data_confidence"": ""medium"", ""assignment_action"": ""continue"", ""decision_maker_type"": null, ""technical_expertise"": null, ""decision_window"": null, ""contact_after_time"": null, ""site_count"": null, ""competitor_count"": null}, ""needs_review"": false, ""reason_codes"": [""LOW_INTEREST"", ""URGENCY""]}",approved_golden_with_context_rule,approved
121,"Dejó los datos en el stand de la feria, mostró poco interés.","Dejó los datos en el stand de la feria, mostró poco interés.",True,NOTE-010,8,"{""requirements"": [], ""signals"": [""low_interest""], ""constraints"": [], ""priority"": ""low"", ""action"": ""continue"", ""details"": {""unvalidated_source"": false, ""former_customer"": false, ""price_sensitive"": false, ""competitive_process"": false, ""existing_contract"": false, ""referral_from_current_account"": false, ""low_interest"": true, ""seniority_requested"": false, ""sector_expertise_requested"": false, ""do_not_contact"": false, ""possible_duplicate"": false, ""requires_manual_review"": false, ""account_complexity"": ""unknown"", ""urgency"": ""low"", ""preferred_contact_channel"": null, ""data_confidence"": ""medium"", ""assignment_action"": ""continue"", ""decision_maker_type"": null, ""technical_expertise"": null, ""decision_window"": null, ""contact_after_time"": null, ""site_count"": null, ""competitor_count"": null}, ""needs_review"": false, ""reason_codes"": [""LOW_INTEREST"", ""URGENCY""]}",approved_golden_with_context_rule,approved
122,Insistió en hablar con alguien senior.,Insistió en hablar con alguien senior.,True,NOTE-011,7,"{""requirements"": [""seniority_requested""], ""signals"": [], ""constraints"": [], ""priority"": ""normal"", ""action"": ""continue"", ""details"": {""unvalidated_source"": false, ""former_customer"": false, ""price_sensitive"": false, ""competitive_process"": false, ""existing_contract"": false, ""referral_from_current_account"": false, ""low_interest"": false, ""seniority_requested"": true, ""sector_expertise_requested"": false, ""do_not_contact"": false, ""possible_duplicate"": false, ""requires_manual_review"": false, ""account_complexity"": ""unknown"", ""urgency"": ""normal"", ""preferred_contact_channel"": null, ""data_confidence"": ""medium"", ""assignment_action"": ""continue"", ""decision_maker_type"": null, ""technical_expertise"": null, ""decision_window"": null, ""contact_after_time"": null, ""site_count"": null, ""competitor_count"": null}, ""needs_review"": false, ""reason_codes"": [""SENIORITY_REQUESTED""]}",approved_golden_with_context_rule,approved
123,Lo refirió el gerente de una cuenta actual.,Lo refirió el gerente de una cuenta actual.,True,NOTE-009,9,"{""requirements"": [], ""signals"": [""referral_from_current_account""], ""constraints"": [], ""priority"": ""normal"", ""action"": ""continue"", ""details"": {""unvalidated_source"": false, ""former_customer"": false, ""price_sensitive"": false, ""competitive_process"": false, ""existing_contract"": false, ""referral_from_current_account"": true, ""low_interest"": false, ""seniority_requested"": false, ""sector_expertise_requested"": false, ""do_not_contact"": false, ""possible_duplicate"": false, ""requires_manual_review"": false, ""account_complexity"": ""unknown"", ""urgency"": ""normal"", ""preferred_contact_channel"": null, ""data_confidence"": ""high"", ""assignment_action"": ""continue"", ""decision_maker_type"": null, ""technical_expertise"": null, ""decision_window"": null, ""contact_after_time"": null, ""site_count"": null, ""competitor_count"": null}, ""needs_review"": false, ""reason_codes"": [""DATA_CONFIDENCE"", ""REFERRAL_FROM_CURRENT_ACCOUNT""]}",approved_golden_with_context_rule,approved
124,Solicitó información de eficiencia energética para planta nueva.,Solicitó información de eficiencia energética para planta nueva.,True,NOTE-008,10,"{""requirements"": [""technical_expertise""], ""signals"": [], ""constraints"": [], ""priority"": ""normal"", ""action"": ""continue"", ""details"": {""unvalidated_source"": false, ""former_customer"": false, ""price_sensitive"": false, ""competitive_process"": false, ""existing_contract"": false, ""referral_from_current_account"": false, ""low_interest"": false, ""seniority_requested"": false, ""sector_expertise_requested"": false, ""do_not_contact"": false, ""possible_duplicate"": false, ""requires_manual_review"": false, ""account_complexity"": ""high"", ""urgency"": ""normal"", ""preferred_contact_channel"": null, ""data_confidence"": ""medium"", ""assignment_action"": ""continue"", ""decision_maker_type"": null, ""technical_expertise"": ""energy_efficiency"", ""decision_window"": null, ""contact_after_time"": null, ""site_count"": null, ""competitor_count"": null}, ""needs_review"": false, ""reason_codes"": [""COMPLEX_ACCOUNT"", ""ENERGY_EFFICIENCY""]}",approved_golden_with_context_rule,approved
125,Tiene contrato vigente con otro proveedor hasta diciembre.,Tiene contrato vigente con otro proveedor hasta diciembre.,True,NOTE-007,10,"{""requirements"": [], ""signals"": [""existing_contract""], ""constraints"": [], ""priority"": ""future"", ""action"": ""schedule_later"", ""details"": {""unvalidated_source"": false, ""former_customer"": false, ""price_sensitive"": false, ""competitive_process"": false, ""existing_contract"": true, ""referral_from_current_account"": false, ""low_interest"": false, ""seniority_requested"": false, ""sector_expertise_requested"": false, ""do_not_contact"": false, ""possible_duplicate"": false, ""requires_manual_review"": false, ""account_complexity"": ""unknown"", ""urgency"": ""future"", ""preferred_contact_channel"": null, ""data_confidence"": ""medium"", ""assignment_action"": ""schedule_later"", ""decision_maker_type"": null, ""technical_expertise"": null, ""decision_window"": ""december"", ""contact_after_time"": null, ""site_count"": null, ""competitor_count"": null}, ""needs_review"": false, ""reason_codes"": [""ACTION"", ""DECISION_WINDOW"", ""EXISTING_CONTRACT"", ""URGENCY""]}",approved_golden_with_context_rule,approved
126,Ya lo contactamos en marzo y pidió que no insistiéramos.,Ya lo contactamos en marzo y pidió que no insistiéramos.,True,NOTE-014,4,"{""requirements"": [], ""signals"": [], ""constraints"": [""do_not_contact""], ""priority"": ""normal"", ""action"": ""block"", ""details"": {""unvalidated_source"": false, ""former_customer"": false, ""price_sensitive"": false, ""competitive_process"": false, ""existing_contract"": false, ""referral_from_current_account"": false, ""low_interest"": false, ""seniority_requested"": false, ""sector_expertise_requested"": false, ""do_not_contact"": true, ""possible_duplicate"": false, ""requires_manual_review"": false, ""account_complexity"": ""unknown"", ""urgency"": ""normal"", ""preferred_contact_channel"": null, ""data_confidence"": ""medium"", ""assignment_action"": ""block"", ""decision_maker_type"": null, ""technical_expertise"": null, ""decision_window"": null, ""contact_after_time"": null, ""site_count"": null, ""competitor_count"": null}, ""needs_review"": false, ""reason_codes"": [""ACTION"", ""DO_NOT_CONTACT""]}",approved_golden_with_context_rule,approved
127,,,False,,0,"{""requirements"": [], ""signals"": [], ""constraints"": [], ""priority"": ""normal"", ""action"": ""continue"", ""details"": {""unvalidated_source"": false, ""former_customer"": false, ""price_sensitive"": false, ""competitive_process"": false, ""existing_contract"": false, ""referral_from_current_account"": false, ""low_interest"": false, ""seniority_requested"": false, ""sector_expertise_requested"": false, ""do_not_contact"": false, ""possible_duplicate"": false, ""requires_manual_review"": false, ""account_complexity"": ""unknown"", ""urgency"": ""normal"", ""preferred_contact_channel"": null, ""data_confidence"": ""medium"", ""assignment_action"": ""continue"", ""decision_maker_type"": null, ""technical_expertise"": null, ""decision_window"": null, ""contact_after_time"": null, ""site_count"": null, ""competitor_count"": null}, ""needs_review"": false, ""reason_codes"": []}",empty_note_default,not_applicable
128,"Empresa familiar, decide el dueño directamente.","Empresa familiar, decide el dueño directamente.",True,NOTE-002,13,"{""requirements"": [], ""signals"": [], ""constraints"": [], ""priority"": ""normal"", ""action"": ""continue"", ""details"": {""unvalidated_source"": false, ""former_customer"": false, ""price_sensitive"": false, ""competitive_process"": false, ""existing_contract"": false, ""referral_from_current_account"": false, ""low_interest"": false, ""seniority_requested"": false, ""sector_expertise_requested"": false, ""do_not_contact"": false, ""possible_duplicate"": false, ""requires_manual_review"": false, ""account_complexity"": ""unknown"", ""urgency"": ""normal"", ""preferred_contact_channel"": null, ""data_confidence"": ""medium"", ""assignment_action"": ""continue"", ""decision_maker_type"": ""owner"", ""technical_expertise"": null, ""decision_window"": null, ""contact_after_time"": null, ""site_count"": null, ""competitor_count"": null}, ""needs_review"": false, ""reason_codes"": [""OWNER_DECISION_MAKER""]}",approved_golden_with_context_rule,approved
129,"Está comparando tres propuestas, decide este mes.","Está comparando tres propuestas, decide este mes.",True,NOTE-006,11,"{""requirements"": [], ""signals"": [""competitive_process""], ""constraints"": [], ""priority"": ""high"", ""action"": ""continue"", ""details"": {""unvalidated_source"": false, ""former_customer"": false, ""price_sensitive"": false, ""competitive_process"": true, ""existing_contract"": false, ""referral_from_current_account"": false, ""low_interest"": false, ""seniority_requested"": false, ""sector_expertise_requested"": false, ""do_not_contact"": false, ""possible_duplicate"": false, ""requires_manual_review"": false, ""account_complexity"": ""unknown"", ""urgency"": ""high"", ""preferred_contact_channel"": null, ""data_confidence"": ""medium"", ""assignment_action"": ""continue"", ""decision_maker_type"": null, ""technical_expertise"": null, ""decision_window"": ""this_month"", ""contact_after_time"": null, ""site_count"": null, ""competitor_count"": 3}, ""needs_review"": false, ""reason_codes"": [""COMPETITIVE_PROCESS"", ""COMPETITOR_COUNT"", ""DECISION_WINDOW"", ""URGENCY""]}",approved_golden_with_context_rule,approved
130,"Empresa familiar, decide el dueño directamente.","Empresa familiar, decide el dueño directamente.",True,NOTE-002,13,"{""requirements"": [], ""signals"": [], ""constraints"": [], ""priority"": ""normal"", ""action"": ""continue"", ""details"": {""unvalidated_source"": false, ""former_customer"": false, ""price_sensitive"": false, ""competitive_process"": false, ""existing_contract"": false, ""referral_from_current_account"": false, ""low_interest"": false, ""seniority_requested"": false, ""sector_expertise_requested"": false, ""do_not_contact"": false, ""possible_duplicate"": false, ""requires_manual_review"": false, ""account_complexity"": ""unknown"", ""urgency"": ""normal"", ""preferred_contact_channel"": null, ""data_confidence"": ""medium"", ""assignment_action"": ""continue"", ""decision_maker_type"": ""owner"", ""technical_expertise"": null, ""decision_window"": null, ""contact_after_time"": null, ""site_count"": null, ""competitor_count"": null}, ""needs_review"": false, ""reason_codes"": [""OWNER_DECISION_MAKER""]}",approved_golden_with_context_rule,approved
131,Tiene contrato vigente con otro proveedor hasta diciembre.,Tiene contrato vigente con otro proveedor hasta diciembre.,True,NOTE-007,10,"{""requirements"": [], ""signals"": [""existing_contract""], ""constraints"": [], ""priority"": ""future"", ""action"": ""schedule_later"", ""details"": {""unvalidated_source"": false, ""former_customer"": false, ""price_sensitive"": false, ""competitive_process"": false, ""existing_contract"": true, ""referral_from_current_account"": false, ""low_interest"": false, ""seniority_requested"": false, ""sector_expertise_requested"": false, ""do_not_contact"": false, ""possible_duplicate"": false, ""requires_manual_review"": false, ""account_complexity"": ""unknown"", ""urgency"": ""future"", ""preferred_contact_channel"": null, ""data_confidence"": ""medium"", ""assignment_action"": ""schedule_later"", ""decision_maker_type"": null, ""technical_expertise"": null, ""decision_window"": ""december"", ""contact_after_time"": null, ""site_count"": null, ""competitor_count"": null}, ""needs_review"": false, ""reason_codes"": [""ACTION"", ""DECISION_WINDOW"", ""EXISTING_CONTRACT"", ""URGENCY""]}",approved_golden_with_context_rule,approved
132,Insistió en hablar con alguien senior.,Insistió en hablar con alguien senior.,True,NOTE-011,7,"{""requirements"": [""seniority_requested""], ""signals"": [], ""constraints"": [], ""priority"": ""normal"", ""action"": ""continue"", ""details"": {""unvalidated_source"": false, ""former_customer"": false, ""price_sensitive"": false, ""competitive_process"": false, ""existing_contract"": false, ""referral_from_current_account"": false, ""low_interest"": false, ""seniority_requested"": true, ""sector_expertise_requested"": false, ""do_not_contact"": false, ""possible_duplicate"": false, ""requires_manual_review"": false, ""account_complexity"": ""unknown"", ""urgency"": ""normal"", ""preferred_contact_channel"": null, ""data_confidence"": ""medium"", ""assignment_action"": ""continue"", ""decision_maker_type"": null, ""technical_expertise"": null, ""decision_window"": null, ""contact_after_time"": null, ""site_count"": null, ""competitor_count"": null}, ""needs_review"": false, ""reason_codes"": [""SENIORITY_REQUESTED""]}",approved_golden_with_context_rule,approved
133,Solicitó información de eficiencia energética para planta nueva.,Solicitó información de eficiencia energética para planta nueva.,True,NOTE-008,10,"{""requirements"": [""technical_expertise""], ""signals"": [], ""constraints"": [], ""priority"": ""normal"", ""action"": ""continue"", ""details"": {""unvalidated_source"": false, ""former_customer"": false, ""price_sensitive"": false, ""competitive_process"": false, ""existing_contract"": false, ""referral_from_current_account"": false, ""low_interest"": false, ""seniority_requested"": false, ""sector_expertise_requested"": false, ""do_not_contact"": false, ""possible_duplicate"": false, ""requires_manual_review"": false, ""account_complexity"": ""high"", ""urgency"": ""normal"", ""preferred_contact_channel"": null, ""data_confidence"": ""medium"", ""assignment_action"": ""continue"", ""decision_maker_type"": null, ""technical_expertise"": ""energy_efficiency"", ""decision_window"": null, ""contact_after_time"": null, ""site_count"": null, ""competitor_count"": null}, ""needs_review"": false, ""reason_codes"": [""COMPLEX_ACCOUNT"", ""ENERGY_EFFICIENCY""]}",approved_golden_with_context_rule,approved
134,"Empresa familiar, decide el dueño directamente.","Empresa familiar, decide el dueño directamente.",True,NOTE-002,13,"{""requirements"": [], ""signals"": [], ""constraints"": [], ""priority"": ""normal"", ""action"": ""continue"", ""details"": {""unvalidated_source"": false, ""former_customer"": false, ""price_sensitive"": false, ""competitive_process"": false, ""existing_contract"": false, ""referral_from_current_account"": false, ""low_interest"": false, ""seniority_requested"": false, ""sector_expertise_requested"": false, ""do_not_contact"": false, ""possible_duplicate"": false, ""requires_manual_review"": false, ""account_complexity"": ""unknown"", ""urgency"": ""normal"", ""preferred_contact_channel"": null, ""data_confidence"": ""medium"", ""assignment_action"": ""continue"", ""decision_maker_type"": ""owner"", ""technical_expertise"": null, ""decision_window"": null, ""contact_after_time"": null, ""site_count"": null, ""competitor_count"": null}, ""needs_review"": false, ""reason_codes"": [""OWNER_DECISION_MAKER""]}",approved_golden_with_context_rule,approved
135,,,False,,0,"{""requirements"": [], ""signals"": [], ""constraints"": [], ""priority"": ""normal"", ""action"": ""continue"", ""details"": {""unvalidated_source"": false, ""former_customer"": false, ""price_sensitive"": false, ""competitive_process"": false, ""existing_contract"": false, ""referral_from_current_account"": false, ""low_interest"": false, ""seniority_requested"": false, ""sector_expertise_requested"": false, ""do_not_contact"": false, ""possible_duplicate"": false, ""requires_manual_review"": false, ""account_complexity"": ""unknown"", ""urgency"": ""normal"", ""preferred_contact_channel"": null, ""data_confidence"": ""medium"", ""assignment_action"": ""continue"", ""decision_maker_type"": null, ""technical_expertise"": null, ""decision_window"": null, ""contact_after_time"": null, ""site_count"": null, ""competitor_count"": null}, ""needs_review"": false, ""reason_codes"": []}",empty_note_default,not_applicable
136,Lo refirió el gerente de una cuenta actual.,Lo refirió el gerente de una cuenta actual.,True,NOTE-009,9,"{""requirements"": [], ""signals"": [""referral_from_current_account""], ""constraints"": [], ""priority"": ""normal"", ""action"": ""continue"", ""details"": {""unvalidated_source"": false, ""former_customer"": false, ""price_sensitive"": false, ""competitive_process"": false, ""existing_contract"": false, ""referral_from_current_account"": true, ""low_interest"": false, ""seniority_requested"": false, ""sector_expertise_requested"": false, ""do_not_contact"": false, ""possible_duplicate"": false, ""requires_manual_review"": false, ""account_complexity"": ""unknown"", ""urgency"": ""normal"", ""preferred_contact_channel"": null, ""data_confidence"": ""high"", ""assignment_action"": ""continue"", ""decision_maker_type"": null, ""technical_expertise"": null, ""decision_window"": null, ""contact_after_time"": null, ""site_count"": null, ""competitor_count"": null}, ""needs_review"": false, ""reason_codes"": [""DATA_CONFIDENCE"", ""REFERRAL_FROM_CURRENT_ACCOUNT""]}",approved_golden_with_context_rule,approved
137,Tiene contrato vigente con otro proveedor hasta diciembre.,Tiene contrato vigente con otro proveedor hasta diciembre.,True,NOTE-007,10,"{""requirements"": [], ""signals"": [""existing_contract""], ""constraints"": [], ""priority"": ""future"", ""action"": ""schedule_later"", ""details"": {""unvalidated_source"": false, ""former_customer"": false, ""price_sensitive"": false, ""competitive_process"": false, ""existing_contract"": true, ""referral_from_current_account"": false, ""low_interest"": false, ""seniority_requested"": false, ""sector_expertise_requested"": false, ""do_not_contact"": false, ""possible_duplicate"": false, ""requires_manual_review"": false, ""account_complexity"": ""unknown"", ""urgency"": ""future"", ""preferred_contact_channel"": null, ""data_confidence"": ""medium"", ""assignment_action"": ""schedule_later"", ""decision_maker_type"": null, ""technical_expertise"": null, ""decision_window"": ""december"", ""contact_after_time"": null, ""site_count"": null, ""competitor_count"": null}, ""needs_review"": false, ""reason_codes"": [""ACTION"", ""DECISION_WINDOW"", ""EXISTING_CONTRACT"", ""URGENCY""]}",approved_golden_with_context_rule,approved
138,"Registro cargado desde base comprada, sin validar.","Registro cargado desde base comprada, sin validar.",True,NOTE-001,18,"{""requirements"": [], ""signals"": [""unvalidated_source""], ""constraints"": [], ""priority"": ""normal"", ""action"": ""validate_first"", ""details"": {""unvalidated_source"": true, ""former_customer"": false, ""price_sensitive"": false, ""competitive_process"": false, ""existing_contract"": false, ""referral_from_current_account"": false, ""low_interest"": false, ""seniority_requested"": false, ""sector_expertise_requested"": false, ""do_not_contact"": false, ""possible_duplicate"": false, ""requires_manual_review"": false, ""account_complexity"": ""unknown"", ""urgency"": ""normal"", ""preferred_contact_channel"": null, ""data_confidence"": ""low"", ""assignment_action"": ""validate_first"", ""decision_maker_type"": null, ""technical_expertise"": null, ""decision_window"": null, ""contact_after_time"": null, ""site_count"": null, ""competitor_count"": null}, ""needs_review"": false, ""reason_codes"": [""ACTION"", ""DATA_CONFIDENCE"", ""UNVALIDATED_SOURCE""]}",approved_golden_with_context_rule,approved
139,"Quiere propuesta para siete sedes, no para una.","Quiere propuesta para siete sedes, no para una.",True,NOTE-004,12,"{""requirements"": [], ""signals"": [], ""constraints"": [], ""priority"": ""normal"", ""action"": ""continue"", ""details"": {""unvalidated_source"": false, ""former_customer"": false, ""price_sensitive"": false, ""competitive_process"": false, ""existing_contract"": false, ""referral_from_current_account"": false, ""low_interest"": false, ""seniority_requested"": false, ""sector_expertise_requested"": false, ""do_not_contact"": false, ""possible_duplicate"": false, ""requires_manual_review"": false, ""account_complexity"": ""high"", ""urgency"": ""normal"", ""preferred_contact_channel"": null, ""data_confidence"": ""medium"", ""assignment_action"": ""continue"", ""decision_maker_type"": null, ""technical_expertise"": null, ""decision_window"": null, ""contact_after_time"": null, ""site_count"": 7, ""competitor_count"": null}, ""needs_review"": false, ""reason_codes"": [""COMPLEX_ACCOUNT"", ""SITE_COUNT""]}",approved_golden_with_context_rule,approved
140,"Correo rebotado, el celular sí contesta.","Correo rebotado, el celular sí contesta.",True,NOTE-005,11,"{""requirements"": [], ""signals"": [], ""constraints"": [], ""priority"": ""normal"", ""action"": ""continue"", ""details"": {""unvalidated_source"": false, ""former_customer"": false, ""price_sensitive"": false, ""competitive_process"": false, ""existing_contract"": false, ""referral_from_current_account"": false, ""low_interest"": false, ""seniority_requested"": false, ""sector_expertise_requested"": false, ""do_not_contact"": false, ""possible_duplicate"": false, ""requires_manual_review"": false, ""account_complexity"": ""unknown"", ""urgency"": ""normal"", ""preferred_contact_channel"": ""phone"", ""data_confidence"": ""medium"", ""assignment_action"": ""continue"", ""decision_maker_type"": null, ""technical_expertise"": null, ""decision_window"": null, ""contact_after_time"": null, ""site_count"": null, ""competitor_count"": null}, ""needs_review"": false, ""reason_codes"": [""CONTACT_CHANNEL""]}",approved_golden_with_context_rule,approved
141,"Registro cargado desde base comprada, sin validar.","Registro cargado desde base comprada, sin validar.",True,NOTE-001,18,"{""requirements"": [], ""signals"": [""unvalidated_source""], ""constraints"": [], ""priority"": ""normal"", ""action"": ""validate_first"", ""details"": {""unvalidated_source"": true, ""former_customer"": false, ""price_sensitive"": false, ""competitive_process"": false, ""existing_contract"": false, ""referral_from_current_account"": false, ""low_interest"": false, ""seniority_requested"": false, ""sector_expertise_requested"": false, ""do_not_contact"": false, ""possible_duplicate"": false, ""requires_manual_review"": false, ""account_complexity"": ""unknown"", ""urgency"": ""normal"", ""preferred_contact_channel"": null, ""data_confidence"": ""low"", ""assignment_action"": ""validate_first"", ""decision_maker_type"": null, ""technical_expertise"": null, ""decision_window"": null, ""contact_after_time"": null, ""site_count"": null, ""competitor_count"": null}, ""needs_review"": false, ""reason_codes"": [""ACTION"", ""DATA_CONFIDENCE"", ""UNVALIDATED_SOURCE""]}",approved_golden_with_context_rule,approved
142,"Ya fue cliente en 2023, se retiró por precio.","Ya fue cliente en 2023, se retiró por precio.",True,NOTE-003,12,"{""requirements"": [], ""signals"": [""former_customer"", ""price_sensitive""], ""constraints"": [], ""priority"": ""normal"", ""action"": ""continue"", ""details"": {""unvalidated_source"": false, ""former_customer"": true, ""price_sensitive"": true, ""competitive_process"": false, ""existing_contract"": false, ""referral_from_current_account"": false, ""low_interest"": false, ""seniority_requested"": false, ""sector_expertise_requested"": false, ""do_not_contact"": false, ""possible_duplicate"": false, ""requires_manual_review"": false, ""account_complexity"": ""unknown"", ""urgency"": ""normal"", ""preferred_contact_channel"": null, ""data_confidence"": ""medium"", ""assignment_action"": ""continue"", ""decision_maker_type"": null, ""technical_expertise"": null, ""decision_window"": null, ""contact_after_time"": null, ""site_count"": null, ""competitor_count"": null}, ""needs_review"": false, ""reason_codes"": [""FORMER_CUSTOMER"", ""PRICE_SENSITIVE""]}",approved_golden_with_context_rule,approved
143,"Quiere propuesta para siete sedes, no para una.","Quiere propuesta para siete sedes, no para una.",True,NOTE-004,12,"{""requirements"": [], ""signals"": [], ""constraints"": [], ""priority"": ""normal"", ""action"": ""continue"", ""details"": {""unvalidated_source"": false, ""former_customer"": false, ""price_sensitive"": false, ""competitive_process"": false, ""existing_contract"": false, ""referral_from_current_account"": false, ""low_interest"": false, ""seniority_requested"": false, ""sector_expertise_requested"": false, ""do_not_contact"": false, ""possible_duplicate"": false, ""requires_manual_review"": false, ""account_complexity"": ""high"", ""urgency"": ""normal"", ""preferred_contact_channel"": null, ""data_confidence"": ""medium"", ""assignment_action"": ""continue"", ""decision_maker_type"": null, ""technical_expertise"": null, ""decision_window"": null, ""contact_after_time"": null, ""site_count"": 7, ""competitor_count"": null}, ""needs_review"": false, ""reason_codes"": [""COMPLEX_ACCOUNT"", ""SITE_COUNT""]}",approved_golden_with_context_rule,approved
144,Tiene contrato vigente con otro proveedor hasta diciembre.,Tiene contrato vigente con otro proveedor hasta diciembre.,True,NOTE-007,10,"{""requirements"": [], ""signals"": [""existing_contract""], ""constraints"": [], ""priority"": ""future"", ""action"": ""schedule_later"", ""details"": {""unvalidated_source"": false, ""former_customer"": false, ""price_sensitive"": false, ""competitive_process"": false, ""existing_contract"": true, ""referral_from_current_account"": false, ""low_interest"": false, ""seniority_requested"": false, ""sector_expertise_requested"": false, ""do_not_contact"": false, ""possible_duplicate"": false, ""requires_manual_review"": false, ""account_complexity"": ""unknown"", ""urgency"": ""future"", ""preferred_contact_channel"": null, ""data_confidence"": ""medium"", ""assignment_action"": ""schedule_later"", ""decision_maker_type"": null, ""technical_expertise"": null, ""decision_window"": ""december"", ""contact_after_time"": null, ""site_count"": null, ""competitor_count"": null}, ""needs_review"": false, ""reason_codes"": [""ACTION"", ""DECISION_WINDOW"", ""EXISTING_CONTRACT"", ""URGENCY""]}",approved_golden_with_context_rule,approved
145,Tiene contrato vigente con otro proveedor hasta diciembre.,Tiene contrato vigente con otro proveedor hasta diciembre.,True,NOTE-007,10,"{""requirements"": [], ""signals"": [""existing_contract""], ""constraints"": [], ""priority"": ""future"", ""action"": ""schedule_later"", ""details"": {""unvalidated_source"": false, ""former_customer"": false, ""price_sensitive"": false, ""competitive_process"": false, ""existing_contract"": true, ""referral_from_current_account"": false, ""low_interest"": false, ""seniority_requested"": false, ""sector_expertise_requested"": false, ""do_not_contact"": false, ""possible_duplicate"": false, ""requires_manual_review"": false, ""account_complexity"": ""unknown"", ""urgency"": ""future"", ""preferred_contact_channel"": null, ""data_confidence"": ""medium"", ""assignment_action"": ""schedule_later"", ""decision_maker_type"": null, ""technical_expertise"": null, ""decision_window"": ""december"", ""contact_after_time"": null, ""site_count"": null, ""competitor_count"": null}, ""needs_review"": false, ""reason_codes"": [""ACTION"", ""DECISION_WINDOW"", ""EXISTING_CONTRACT"", ""URGENCY""]}",approved_golden_with_context_rule,approved
146,Tiene contrato vigente con otro proveedor hasta diciembre.,Tiene contrato vigente con otro proveedor hasta diciembre.,True,NOTE-007,10,"{""requirements"": [], ""signals"": [""existing_contract""], ""constraints"": [], ""priority"": ""future"", ""action"": ""schedule_later"", ""details"": {""unvalidated_source"": false, ""former_customer"": false, ""price_sensitive"": false, ""competitive_process"": false, ""existing_contract"": true, ""referral_from_current_account"": false, ""low_interest"": false, ""seniority_requested"": false, ""sector_expertise_requested"": false, ""do_not_contact"": false, ""possible_duplicate"": false, ""requires_manual_review"": false, ""account_complexity"": ""unknown"", ""urgency"": ""future"", ""preferred_contact_channel"": null, ""data_confidence"": ""medium"", ""assignment_action"": ""schedule_later"", ""decision_maker_type"": null, ""technical_expertise"": null, ""decision_window"": ""december"", ""contact_after_time"": null, ""site_count"": null, ""competitor_count"": null}, ""needs_review"": false, ""reason_codes"": [""ACTION"", ""DECISION_WINDOW"", ""EXISTING_CONTRACT"", ""URGENCY""]}",approved_golden_with_context_rule,approved
147,"Dejó los datos en el stand de la feria, mostró poco interés.","Dejó los datos en el stand de la feria, mostró poco interés.",True,NOTE-010,8,"{""requirements"": [], ""signals"": [""low_interest""], ""constraints"": [], ""priority"": ""low"", ""action"": ""continue"", ""details"": {""unvalidated_source"": false, ""former_customer"": false, ""price_sensitive"": false, ""competitive_process"": false, ""existing_contract"": false, ""referral_from_current_account"": false, ""low_interest"": true, ""seniority_requested"": false, ""sector_expertise_requested"": false, ""do_not_contact"": false, ""possible_duplicate"": false, ""requires_manual_review"": false, ""account_complexity"": ""unknown"", ""urgency"": ""low"", ""preferred_contact_channel"": null, ""data_confidence"": ""medium"", ""assignment_action"": ""continue"", ""decision_maker_type"": null, ""technical_expertise"": null, ""decision_window"": null, ""contact_after_time"": null, ""site_count"": null, ""competitor_count"": null}, ""needs_review"": false, ""reason_codes"": [""LOW_INTEREST"", ""URGENCY""]}",approved_golden_with_context_rule,approved
148,"Registro cargado desde base comprada, sin validar.","Registro cargado desde base comprada, sin validar.",True,NOTE-001,18,"{""requirements"": [], ""signals"": [""unvalidated_source""], ""constraints"": [], ""priority"": ""normal"", ""action"": ""validate_first"", ""details"": {""unvalidated_source"": true, ""former_customer"": false, ""price_sensitive"": false, ""competitive_process"": false, ""existing_contract"": false, ""referral_from_current_account"": false, ""low_interest"": false, ""seniority_requested"": false, ""sector_expertise_requested"": false, ""do_not_contact"": false, ""possible_duplicate"": false, ""requires_manual_review"": false, ""account_complexity"": ""unknown"", ""urgency"": ""normal"", ""preferred_contact_channel"": null, ""data_confidence"": ""low"", ""assignment_action"": ""validate_first"", ""decision_maker_type"": null, ""technical_expertise"": null, ""decision_window"": null, ""contact_after_time"": null, ""site_count"": null, ""competitor_count"": null}, ""needs_review"": false, ""reason_codes"": [""ACTION"", ""DATA_CONFIDENCE"", ""UNVALIDATED_SOURCE""]}",approved_golden_with_context_rule,approved
149,"Empresa familiar, decide el dueño directamente.","Empresa familiar, decide el dueño directamente.",True,NOTE-002,13,"{""requirements"": [], ""signals"": [], ""constraints"": [], ""priority"": ""normal"", ""action"": ""continue"", ""details"": {""unvalidated_source"": false, ""former_customer"": false, ""price_sensitive"": false, ""competitive_process"": false, ""existing_contract"": false, ""referral_from_current_account"": false, ""low_interest"": false, ""seniority_requested"": false, ""sector_expertise_requested"": false, ""do_not_contact"": false, ""possible_duplicate"": false, ""requires_manual_review"": false, ""account_complexity"": ""unknown"", ""urgency"": ""normal"", ""preferred_contact_channel"": null, ""data_confidence"": ""medium"", ""assignment_action"": ""continue"", ""decision_maker_type"": ""owner"", ""technical_expertise"": null, ""decision_window"": null, ""contact_after_time"": null, ""site_count"": null, ""competitor_count"": null}, ""needs_review"": false, ""reason_codes"": [""OWNER_DECISION_MAKER""]}",approved_golden_with_context_rule,approved
150,"Registro cargado desde base comprada, sin validar.","Registro cargado desde base comprada, sin validar.",True,NOTE-001,18,"{""requirements"": [], ""signals"": [""unvalidated_source""], ""constraints"": [], ""priority"": ""normal"", ""action"": ""validate_first"", ""details"": {""unvalidated_source"": true, ""former_customer"": false, ""price_sensitive"": false, ""competitive_process"": false, ""existing_contract"": false, ""referral_from_current_account"": false, ""low_interest"": false, ""seniority_requested"": false, ""sector_expertise_requested"": false, ""do_not_contact"": false, ""possible_duplicate"": false, ""requires_manual_review"": false, ""account_complexity"": ""unknown"", ""urgency"": ""normal"", ""preferred_contact_channel"": null, ""data_confidence"": ""low"", ""assignment_action"": ""validate_first"", ""decision_maker_type"": null, ""technical_expertise"": null, ""decision_window"": null, ""contact_after_time"": null, ""site_count"": null, ""competitor_count"": null}, ""needs_review"": false, ""reason_codes"": [""ACTION"", ""DATA_CONFIDENCE"", ""UNVALIDATED_SOURCE""]}",approved_golden_with_context_rule,approved
151,"Empresa familiar, decide el dueño directamente.","Empresa familiar, decide el dueño directamente.",True,NOTE-002,13,"{""requirements"": [], ""signals"": [], ""constraints"": [], ""priority"": ""normal"", ""action"": ""continue"", ""details"": {""unvalidated_source"": false, ""former_customer"": false, ""price_sensitive"": false, ""competitive_process"": false, ""existing_contract"": false, ""referral_from_current_account"": false, ""low_interest"": false, ""seniority_requested"": false, ""sector_expertise_requested"": false, ""do_not_contact"": false, ""possible_duplicate"": false, ""requires_manual_review"": false, ""account_complexity"": ""unknown"", ""urgency"": ""normal"", ""preferred_contact_channel"": null, ""data_confidence"": ""medium"", ""assignment_action"": ""continue"", ""decision_maker_type"": ""owner"", ""technical_expertise"": null, ""decision_window"": null, ""contact_after_time"": null, ""site_count"": null, ""competitor_count"": null}, ""needs_review"": false, ""reason_codes"": [""OWNER_DECISION_MAKER""]}",approved_golden_with_context_rule,approved
152,"Correo rebotado, el celular sí contesta.","Correo rebotado, el celular sí contesta.",True,NOTE-005,11,"{""requirements"": [], ""signals"": [], ""constraints"": [], ""priority"": ""normal"", ""action"": ""continue"", ""details"": {""unvalidated_source"": false, ""former_customer"": false, ""price_sensitive"": false, ""competitive_process"": false, ""existing_contract"": false, ""referral_from_current_account"": false, ""low_interest"": false, ""seniority_requested"": false, ""sector_expertise_requested"": false, ""do_not_contact"": false, ""possible_duplicate"": false, ""requires_manual_review"": false, ""account_complexity"": ""unknown"", ""urgency"": ""normal"", ""preferred_contact_channel"": ""phone"", ""data_confidence"": ""medium"", ""assignment_action"": ""continue"", ""decision_maker_type"": null, ""technical_expertise"": null, ""decision_window"": null, ""contact_after_time"": null, ""site_count"": null, ""competitor_count"": null}, ""needs_review"": false, ""reason_codes"": [""CONTACT_CHANNEL""]}",approved_golden_with_context_rule,approved
153,"Ya fue cliente en 2023, se retiró por precio.","Ya fue cliente en 2023, se retiró por precio.",True,NOTE-003,12,"{""requirements"": [], ""signals"": [""former_customer"", ""price_sensitive""], ""constraints"": [], ""priority"": ""normal"", ""action"": ""continue"", ""details"": {""unvalidated_source"": false, ""former_customer"": true, ""price_sensitive"": true, ""competitive_process"": false, ""existing_contract"": false, ""referral_from_current_account"": false, ""low_interest"": false, ""seniority_requested"": false, ""sector_expertise_requested"": false, ""do_not_contact"": false, ""possible_duplicate"": false, ""requires_manual_review"": false, ""account_complexity"": ""unknown"", ""urgency"": ""normal"", ""preferred_contact_channel"": null, ""data_confidence"": ""medium"", ""assignment_action"": ""continue"", ""decision_maker_type"": null, ""technical_expertise"": null, ""decision_window"": null, ""contact_after_time"": null, ""site_count"": null, ""competitor_count"": null}, ""needs_review"": false, ""reason_codes"": [""FORMER_CUSTOMER"", ""PRICE_SENSITIVE""]}",approved_golden_with_context_rule,approved
154,"Ya fue cliente en 2023, se retiró por precio.","Ya fue cliente en 2023, se retiró por precio.",True,NOTE-003,12,"{""requirements"": [], ""signals"": [""former_customer"", ""price_sensitive""], ""constraints"": [], ""priority"": ""normal"", ""action"": ""continue"", ""details"": {""unvalidated_source"": false, ""former_customer"": true, ""price_sensitive"": true, ""competitive_process"": false, ""existing_contract"": false, ""referral_from_current_account"": false, ""low_interest"": false, ""seniority_requested"": false, ""sector_expertise_requested"": false, ""do_not_contact"": false, ""possible_duplicate"": false, ""requires_manual_review"": false, ""account_complexity"": ""unknown"", ""urgency"": ""normal"", ""preferred_contact_channel"": null, ""data_confidence"": ""medium"", ""assignment_action"": ""continue"", ""decision_maker_type"": null, ""technical_expertise"": null, ""decision_window"": null, ""contact_after_time"": null, ""site_count"": null, ""competitor_count"": null}, ""needs_review"": false, ""reason_codes"": [""FORMER_CUSTOMER"", ""PRICE_SENSITIVE""]}",approved_golden_with_context_rule,approved
155,"Correo rebotado, el celular sí contesta.","Correo rebotado, el celular sí contesta.",True,NOTE-005,11,"{""requirements"": [], ""signals"": [], ""constraints"": [], ""priority"": ""normal"", ""action"": ""continue"", ""details"": {""unvalidated_source"": false, ""former_customer"": false, ""price_sensitive"": false, ""competitive_process"": false, ""existing_contract"": false, ""referral_from_current_account"": false, ""low_interest"": false, ""seniority_requested"": false, ""sector_expertise_requested"": false, ""do_not_contact"": false, ""possible_duplicate"": false, ""requires_manual_review"": false, ""account_complexity"": ""unknown"", ""urgency"": ""normal"", ""preferred_contact_channel"": ""phone"", ""data_confidence"": ""medium"", ""assignment_action"": ""continue"", ""decision_maker_type"": null, ""technical_expertise"": null, ""decision_window"": null, ""contact_after_time"": null, ""site_count"": null, ""competitor_count"": null}, ""needs_review"": false, ""reason_codes"": [""CONTACT_CHANNEL""]}",approved_golden_with_context_rule,approved
156,Lo refirió el gerente de una cuenta actual.,Lo refirió el gerente de una cuenta actual.,True,NOTE-009,9,"{""requirements"": [], ""signals"": [""referral_from_current_account""], ""constraints"": [], ""priority"": ""normal"", ""action"": ""continue"", ""details"": {""unvalidated_source"": false, ""former_customer"": false, ""price_sensitive"": false, ""competitive_process"": false, ""existing_contract"": false, ""referral_from_current_account"": true, ""low_interest"": false, ""seniority_requested"": false, ""sector_expertise_requested"": false, ""do_not_contact"": false, ""possible_duplicate"": false, ""requires_manual_review"": false, ""account_complexity"": ""unknown"", ""urgency"": ""normal"", ""preferred_contact_channel"": null, ""data_confidence"": ""high"", ""assignment_action"": ""continue"", ""decision_maker_type"": null, ""technical_expertise"": null, ""decision_window"": null, ""contact_after_time"": null, ""site_count"": null, ""competitor_count"": null}, ""needs_review"": false, ""reason_codes"": [""DATA_CONFIDENCE"", ""REFERRAL_FROM_CURRENT_ACCOUNT""]}",approved_golden_with_context_rule,approved
157,"Quiere propuesta para siete sedes, no para una.","Quiere propuesta para siete sedes, no para una.",True,NOTE-004,12,"{""requirements"": [], ""signals"": [], ""constraints"": [], ""priority"": ""normal"", ""action"": ""continue"", ""details"": {""unvalidated_source"": false, ""former_customer"": false, ""price_sensitive"": false, ""competitive_process"": false, ""existing_contract"": false, ""referral_from_current_account"": false, ""low_interest"": false, ""seniority_requested"": false, ""sector_expertise_requested"": false, ""do_not_contact"": false, ""possible_duplicate"": false, ""requires_manual_review"": false, ""account_complexity"": ""high"", ""urgency"": ""normal"", ""preferred_contact_channel"": null, ""data_confidence"": ""medium"", ""assignment_action"": ""continue"", ""decision_maker_type"": null, ""technical_expertise"": null, ""decision_window"": null, ""contact_after_time"": null, ""site_count"": 7, ""competitor_count"": null}, ""needs_review"": false, ""reason_codes"": [""COMPLEX_ACCOUNT"", ""SITE_COUNT""]}",approved_golden_with_context_rule,approved
158,"Quiere propuesta para siete sedes, no para una.","Quiere propuesta para siete sedes, no para una.",True,NOTE-004,12,"{""requirements"": [], ""signals"": [], ""constraints"": [], ""priority"": ""normal"", ""action"": ""continue"", ""details"": {""unvalidated_source"": false, ""former_customer"": false, ""price_sensitive"": false, ""competitive_process"": false, ""existing_contract"": false, ""referral_from_current_account"": false, ""low_interest"": false, ""seniority_requested"": false, ""sector_expertise_requested"": false, ""do_not_contact"": false, ""possible_duplicate"": false, ""requires_manual_review"": false, ""account_complexity"": ""high"", ""urgency"": ""normal"", ""preferred_contact_channel"": null, ""data_confidence"": ""medium"", ""assignment_action"": ""continue"", ""decision_maker_type"": null, ""technical_expertise"": null, ""decision_window"": null, ""contact_after_time"": null, ""site_count"": 7, ""competitor_count"": null}, ""needs_review"": false, ""reason_codes"": [""COMPLEX_ACCOUNT"", ""SITE_COUNT""]}",approved_golden_with_context_rule,approved
159,"Registro cargado desde base comprada, sin validar.","Registro cargado desde base comprada, sin validar.",True,NOTE-001,18,"{""requirements"": [], ""signals"": [""unvalidated_source""], ""constraints"": [], ""priority"": ""normal"", ""action"": ""validate_first"", ""details"": {""unvalidated_source"": true, ""former_customer"": false, ""price_sensitive"": false, ""competitive_process"": false, ""existing_contract"": false, ""referral_from_current_account"": false, ""low_interest"": false, ""seniority_requested"": false, ""sector_expertise_requested"": false, ""do_not_contact"": false, ""possible_duplicate"": false, ""requires_manual_review"": false, ""account_complexity"": ""unknown"", ""urgency"": ""normal"", ""preferred_contact_channel"": null, ""data_confidence"": ""low"", ""assignment_action"": ""validate_first"", ""decision_maker_type"": null, ""technical_expertise"": null, ""decision_window"": null, ""contact_after_time"": null, ""site_count"": null, ""competitor_count"": null}, ""needs_review"": false, ""reason_codes"": [""ACTION"", ""DATA_CONFIDENCE"", ""UNVALIDATED_SOURCE""]}",approved_golden_with_context_rule,approved
160,"Ya fue cliente en 2023, se retiró por precio.","Ya fue cliente en 2023, se retiró por precio.",True,NOTE-003,12,"{""requirements"": [], ""signals"": [""former_customer"", ""price_sensitive""], ""constraints"": [], ""priority"": ""normal"", ""action"": ""continue"", ""details"": {""unvalidated_source"": false, ""former_customer"": true, ""price_sensitive"": true, ""competitive_process"": false, ""existing_contract"": false, ""referral_from_current_account"": false, ""low_interest"": false, ""seniority_requested"": false, ""sector_expertise_requested"": false, ""do_not_contact"": false, ""possible_duplicate"": false, ""requires_manual_review"": false, ""account_complexity"": ""unknown"", ""urgency"": ""normal"", ""preferred_contact_channel"": null, ""data_confidence"": ""medium"", ""assignment_action"": ""continue"", ""decision_maker_type"": null, ""technical_expertise"": null, ""decision_window"": null, ""contact_after_time"": null, ""site_count"": null, ""competitor_count"": null}, ""needs_review"": false, ""reason_codes"": [""FORMER_CUSTOMER"", ""PRICE_SENSITIVE""]}",approved_golden_with_context_rule,approved
161,Insistió en hablar con alguien senior.,Insistió en hablar con alguien senior.,True,NOTE-011,7,"{""requirements"": [""seniority_requested""], ""signals"": [], ""constraints"": [], ""priority"": ""normal"", ""action"": ""continue"", ""details"": {""unvalidated_source"": false, ""former_customer"": false, ""price_sensitive"": false, ""competitive_process"": false, ""existing_contract"": false, ""referral_from_current_account"": false, ""low_interest"": false, ""seniority_requested"": true, ""sector_expertise_requested"": false, ""do_not_contact"": false, ""possible_duplicate"": false, ""requires_manual_review"": false, ""account_complexity"": ""unknown"", ""urgency"": ""normal"", ""preferred_contact_channel"": null, ""data_confidence"": ""medium"", ""assignment_action"": ""continue"", ""decision_maker_type"": null, ""technical_expertise"": null, ""decision_window"": null, ""contact_after_time"": null, ""site_count"": null, ""competitor_count"": null}, ""needs_review"": false, ""reason_codes"": [""SENIORITY_REQUESTED""]}",approved_golden_with_context_rule,approved
162,"Está comparando tres propuestas, decide este mes.","Está comparando tres propuestas, decide este mes.",True,NOTE-006,11,"{""requirements"": [], ""signals"": [""competitive_process""], ""constraints"": [], ""priority"": ""high"", ""action"": ""continue"", ""details"": {""unvalidated_source"": false, ""former_customer"": false, ""price_sensitive"": false, ""competitive_process"": true, ""existing_contract"": false, ""referral_from_current_account"": false, ""low_interest"": false, ""seniority_requested"": false, ""sector_expertise_requested"": false, ""do_not_contact"": false, ""possible_duplicate"": false, ""requires_manual_review"": false, ""account_complexity"": ""unknown"", ""urgency"": ""high"", ""preferred_contact_channel"": null, ""data_confidence"": ""medium"", ""assignment_action"": ""continue"", ""decision_maker_type"": null, ""technical_expertise"": null, ""decision_window"": ""this_month"", ""contact_after_time"": null, ""site_count"": null, ""competitor_count"": 3}, ""needs_review"": false, ""reason_codes"": [""COMPETITIVE_PROCESS"", ""COMPETITOR_COUNT"", ""DECISION_WINDOW"", ""URGENCY""]}",approved_golden_with_context_rule,approved
163,,,False,,0,"{""requirements"": [], ""signals"": [], ""constraints"": [], ""priority"": ""normal"", ""action"": ""continue"", ""details"": {""unvalidated_source"": false, ""former_customer"": false, ""price_sensitive"": false, ""competitive_process"": false, ""existing_contract"": false, ""referral_from_current_account"": false, ""low_interest"": false, ""seniority_requested"": false, ""sector_expertise_requested"": false, ""do_not_contact"": false, ""possible_duplicate"": false, ""requires_manual_review"": false, ""account_complexity"": ""unknown"", ""urgency"": ""normal"", ""preferred_contact_channel"": null, ""data_confidence"": ""medium"", ""assignment_action"": ""continue"", ""decision_maker_type"": null, ""technical_expertise"": null, ""decision_window"": null, ""contact_after_time"": null, ""site_count"": null, ""competitor_count"": null}, ""needs_review"": false, ""reason_codes"": []}",empty_note_default,not_applicable
164,Solicitó información de eficiencia energética para planta nueva.,Solicitó información de eficiencia energética para planta nueva.,True,NOTE-008,10,"{""requirements"": [""technical_expertise""], ""signals"": [], ""constraints"": [], ""priority"": ""normal"", ""action"": ""continue"", ""details"": {""unvalidated_source"": false, ""former_customer"": false, ""price_sensitive"": false, ""competitive_process"": false, ""existing_contract"": false, ""referral_from_current_account"": false, ""low_interest"": false, ""seniority_requested"": false, ""sector_expertise_requested"": false, ""do_not_contact"": false, ""possible_duplicate"": false, ""requires_manual_review"": false, ""account_complexity"": ""high"", ""urgency"": ""normal"", ""preferred_contact_channel"": null, ""data_confidence"": ""medium"", ""assignment_action"": ""continue"", ""decision_maker_type"": null, ""technical_expertise"": ""energy_efficiency"", ""decision_window"": null, ""contact_after_time"": null, ""site_count"": null, ""competitor_count"": null}, ""needs_review"": false, ""reason_codes"": [""COMPLEX_ACCOUNT"", ""ENERGY_EFFICIENCY""]}",approved_golden_with_context_rule,approved
165,"Posible duplicado, entró por otra fuente.","Posible duplicado, entró por otra fuente.",True,NOTE-015,3,"{""requirements"": [], ""signals"": [""possible_duplicate""], ""constraints"": [], ""priority"": ""normal"", ""action"": ""duplicate_review"", ""details"": {""unvalidated_source"": false, ""former_customer"": false, ""price_sensitive"": false, ""competitive_process"": false, ""existing_contract"": false, ""referral_from_current_account"": false, ""low_interest"": false, ""seniority_requested"": false, ""sector_expertise_requested"": false, ""do_not_contact"": false, ""possible_duplicate"": true, ""requires_manual_review"": false, ""account_complexity"": ""unknown"", ""urgency"": ""normal"", ""preferred_contact_channel"": null, ""data_confidence"": ""medium"", ""assignment_action"": ""duplicate_review"", ""decision_maker_type"": null, ""technical_expertise"": null, ""decision_window"": null, ""contact_after_time"": null, ""site_count"": null, ""competitor_count"": null}, ""needs_review"": false, ""reason_codes"": [""ACTION"", ""POSSIBLE_DUPLICATE""]}",approved_golden_with_context_rule,approved
166,"Posible duplicado, entró por otra fuente.","Posible duplicado, entró por otra fuente.",True,NOTE-015,3,"{""requirements"": [], ""signals"": [""possible_duplicate""], ""constraints"": [], ""priority"": ""normal"", ""action"": ""duplicate_review"", ""details"": {""unvalidated_source"": false, ""former_customer"": false, ""price_sensitive"": false, ""competitive_process"": false, ""existing_contract"": false, ""referral_from_current_account"": false, ""low_interest"": false, ""seniority_requested"": false, ""sector_expertise_requested"": false, ""do_not_contact"": false, ""possible_duplicate"": true, ""requires_manual_review"": false, ""account_complexity"": ""unknown"", ""urgency"": ""normal"", ""preferred_contact_channel"": null, ""data_confidence"": ""medium"", ""assignment_action"": ""duplicate_review"", ""decision_maker_type"": null, ""technical_expertise"": null, ""decision_window"": null, ""contact_after_time"": null, ""site_count"": null, ""competitor_count"": null}, ""needs_review"": false, ""reason_codes"": [""ACTION"", ""POSSIBLE_DUPLICATE""]}",approved_golden_with_context_rule,approved
167,"Posible duplicado, entró por otra fuente.","Posible duplicado, entró por otra fuente.",True,NOTE-015,3,"{""requirements"": [], ""signals"": [""possible_duplicate""], ""constraints"": [], ""priority"": ""normal"", ""action"": ""duplicate_review"", ""details"": {""unvalidated_source"": false, ""former_customer"": false, ""price_sensitive"": false, ""competitive_process"": false, ""existing_contract"": false, ""referral_from_current_account"": false, ""low_interest"": false, ""seniority_requested"": false, ""sector_expertise_requested"": false, ""do_not_contact"": false, ""possible_duplicate"": true, ""requires_manual_review"": false, ""account_complexity"": ""unknown"", ""urgency"": ""normal"", ""preferred_contact_channel"": null, ""data_confidence"": ""medium"", ""assignment_action"": ""duplicate_review"", ""decision_maker_type"": null, ""technical_expertise"": null, ""decision_window"": null, ""contact_after_time"": null, ""site_count"": null, ""competitor_count"": null}, ""needs_review"": false, ""reason_codes"": [""ACTION"", ""POSSIBLE_DUPLICATE""]}",approved_golden_with_context_rule,approved
