id,razon_social,nit,sector,empleados,ingresos_estimados,ciudad,zona,fuente,notas,estado,fecha_creacion,_source_row,id_original,id_normalizado,id_normalization_rule,id_was_inferred,razon_social_original,razon_social_normalizado,razon_social_normalization_rule,razon_social_was_inferred,nit_original,nit_normalizado,nit_normalization_rule,nit_was_inferred,sector_original,sector_normalizado,sector_normalization_rule,sector_was_inferred,empleados_original,empleados_normalizado,empleados_normalization_rule,empleados_was_inferred,ingresos_estimados_original,ingresos_estimados_normalizado,ingresos_estimados_normalization_rule,ingresos_estimados_was_inferred,ciudad_original,ciudad_normalizado,ciudad_normalization_rule,ciudad_was_inferred,zona_original,zona_normalizada,zona_normalization_rule,zona_was_inferred,fuente_original,fuente_normalizado,fuente_normalization_rule,fuente_was_inferred,notas_original,notas_normalizado,notas_normalization_rule,notas_was_inferred,estado_original,estado_normalizado,estado_normalization_rule,estado_was_inferred,fecha_creacion_original,fecha_creacion_normalizado,fecha_creacion_normalization_rule,fecha_creacion_was_inferred
1,Servicios Girardot S.A.,986386194-1,Metalmecánica,8,1866000000,Montería,Costa,campaña,"Ya fue cliente en 2023, se retiró por precio.",nuevo,2026-09-14,2,1,1,trim_unicode_nfc,False,Servicios Girardot S.A.,Servicios Girardot S.A.,trim_unicode_nfc,False,986386194-1,9863861941,nit_remove_formatting,False,Metalmecánica,metalmecánica,trim_unicode_casefold,False,8,8,nonnegative_decimal,False,1866000000,1866000000,nonnegative_decimal,False,Montería,Montería,trim_unicode_nfc,False,Costa,Costa,explicit_zone_alias,False,campaña,campaña,trim_unicode_casefold,False,"Ya fue cliente en 2023, se retiró por precio.","Ya fue cliente en 2023, se retiró por precio.",trim_unicode_nfc,False,nuevo,nuevo,trim_casefold_status,False,2026-09-14,2026-09-14,iso_date,False
2,COMERCIALIZADORA ANDINA SAS,955278388-6,Salud,40,2156000000,Palmira,Occidente ,web,"Ya fue cliente en 2023, se retiró por precio.",nuevo,2026-09-04,3,2,2,trim_unicode_nfc,False,COMERCIALIZADORA ANDINA SAS,COMERCIALIZADORA ANDINA SAS,trim_unicode_nfc,False,955278388-6,9552783886,nit_remove_formatting,False,Salud,salud,trim_unicode_casefold,False,40,40,nonnegative_decimal,False,2156000000,2156000000,nonnegative_decimal,False,Palmira,Palmira,trim_unicode_nfc,False,Occidente ,Occidente,explicit_zone_alias,False,web,web,trim_unicode_casefold,False,"Ya fue cliente en 2023, se retiró por precio.","Ya fue cliente en 2023, se retiró por precio.",trim_unicode_nfc,False,nuevo,nuevo,trim_casefold_status,False,2026-09-04,2026-09-04,iso_date,False
3,Industrias Andina S.A.S.,971051611-7,Alimentos y bebidas,260,7418000000,Manizales,,web,"Dejó los datos en el stand de la feria, mostró poco interés.",nuevo,2026-09-06,4,3,3,trim_unicode_nfc,False,Industrias Andina S.A.S.,Industrias Andina S.A.S.,trim_unicode_nfc,False,971051611-7,9710516117,nit_remove_formatting,False,Alimentos y bebidas,alimentos y bebidas,trim_unicode_casefold,False,260,260,nonnegative_decimal,False,7418000000,7418000000,nonnegative_decimal,False,Manizales,Manizales,trim_unicode_nfc,False,,,missing,False,web,web,trim_unicode_casefold,False,"Dejó los datos en el stand de la feria, mostró poco interés.","Dejó los datos en el stand de la feria, mostró poco interés.",trim_unicode_nfc,False,nuevo,nuevo,trim_casefold_status,False,2026-09-06,2026-09-06,iso_date,False
4,Constructora Caribe Azul Ltda.,906660734-7,Retail,40,1967000000,Manizales,Occidente,web,Llamar únicamente después de las 2 pm.,nuevo,2026-09-07,5,4,4,trim_unicode_nfc,False,Constructora Caribe Azul Ltda.,Constructora Caribe Azul Ltda.,trim_unicode_nfc,False,906660734-7,9066607347,nit_remove_formatting,False,Retail,retail,trim_unicode_casefold,False,40,40,nonnegative_decimal,False,1967000000,1967000000,nonnegative_decimal,False,Manizales,Manizales,trim_unicode_nfc,False,Occidente,Occidente,explicit_zone_alias,False,web,web,trim_unicode_casefold,False,Llamar únicamente después de las 2 pm.,Llamar únicamente después de las 2 pm.,trim_unicode_nfc,False,nuevo,nuevo,trim_casefold_status,False,2026-09-07,2026-09-07,iso_date,False
5,Distribuidora La Esperanza Ltda.,902379388-8,Hotelería,260,10591000000,Envigado,Antioquia,campaña,"Registro cargado desde base comprada, sin validar.",Nuevo,2026-09-14,6,5,5,trim_unicode_nfc,False,Distribuidora La Esperanza Ltda.,Distribuidora La Esperanza Ltda.,trim_unicode_nfc,False,902379388-8,9023793888,nit_remove_formatting,False,Hotelería,hotelería,trim_unicode_casefold,False,260,260,nonnegative_decimal,False,10591000000,10591000000,nonnegative_decimal,False,Envigado,Envigado,trim_unicode_nfc,False,Antioquia,Antioquia,explicit_zone_alias,False,campaña,campaña,trim_unicode_casefold,False,"Registro cargado desde base comprada, sin validar.","Registro cargado desde base comprada, sin validar.",trim_unicode_nfc,False,Nuevo,nuevo,trim_casefold_status,False,2026-09-14,2026-09-14,iso_date,False
6,Suministros Vallecaucana Ltda.,947471833-6,Metalmecánica,,335000000,Montería,COSTA,campaña,"Empresa familiar, decide el dueño directamente.",nuevo,2026-09-16,7,6,6,trim_unicode_nfc,False,Suministros Vallecaucana Ltda.,Suministros Vallecaucana Ltda.,trim_unicode_nfc,False,947471833-6,9474718336,nit_remove_formatting,False,Metalmecánica,metalmecánica,trim_unicode_casefold,False,,,missing,False,335000000,335000000,nonnegative_decimal,False,Montería,Montería,trim_unicode_nfc,False,COSTA,Costa,explicit_zone_alias,False,campaña,campaña,trim_unicode_casefold,False,"Empresa familiar, decide el dueño directamente.","Empresa familiar, decide el dueño directamente.",trim_unicode_nfc,False,nuevo,nuevo,trim_casefold_status,False,2026-09-16,2026-09-16,iso_date,False
7,Grupo El Poblado S.A.,955391250-2,Manufactura,18,2186000000,Cali,Occidente,evento,"Registro cargado desde base comprada, sin validar.",nuevo,2026-09-09,8,7,7,trim_unicode_nfc,False,Grupo El Poblado S.A.,Grupo El Poblado S.A.,trim_unicode_nfc,False,955391250-2,9553912502,nit_remove_formatting,False,Manufactura,manufactura,trim_unicode_casefold,False,18,18,nonnegative_decimal,False,2186000000,2186000000,nonnegative_decimal,False,Cali,Cali,trim_unicode_nfc,False,Occidente,Occidente,explicit_zone_alias,False,evento,evento,trim_unicode_casefold,False,"Registro cargado desde base comprada, sin validar.","Registro cargado desde base comprada, sin validar.",trim_unicode_nfc,False,nuevo,nuevo,trim_casefold_status,False,2026-09-09,2026-09-09,iso_date,False
8,Manufacturas El Dorado S.A.,926716388-5,,1400,52722000000,Medellín,Antioquia,referido,Pidió que lo contacte alguien que conozca el sector.,nuevo,2026-09-05,9,8,8,trim_unicode_nfc,False,Manufacturas El Dorado S.A.,Manufacturas El Dorado S.A.,trim_unicode_nfc,False,926716388-5,9267163885,nit_remove_formatting,False,,,missing,False,1400,1400,nonnegative_decimal,False,52722000000,52722000000,nonnegative_decimal,False,Medellín,Medellín,trim_unicode_nfc,False,Antioquia,Antioquia,explicit_zone_alias,False,referido,referido,trim_unicode_casefold,False,Pidió que lo contacte alguien que conozca el sector.,Pidió que lo contacte alguien que conozca el sector.,trim_unicode_nfc,False,nuevo,nuevo,trim_casefold_status,False,2026-09-05,2026-09-05,iso_date,False
9,Soluciones Yumbo S.A.S.,999820933-4,Química,120,3432000000,Envigado,ANT,web,"Correo rebotado, el celular sí contesta.",nuevo,2026-09-08,10,9,9,trim_unicode_nfc,False,Soluciones Yumbo S.A.S.,Soluciones Yumbo S.A.S.,trim_unicode_nfc,False,999820933-4,9998209334,nit_remove_formatting,False,Química,química,trim_unicode_casefold,False,120,120,nonnegative_decimal,False,3432000000,3432000000,nonnegative_decimal,False,Envigado,Envigado,trim_unicode_nfc,False,ANT,Antioquia,explicit_zone_alias,False,web,web,trim_unicode_casefold,False,"Correo rebotado, el celular sí contesta.","Correo rebotado, el celular sí contesta.",trim_unicode_nfc,False,nuevo,nuevo,trim_casefold_status,False,2026-09-08,2026-09-08,iso_date,False
10,Textiles La Esperanza S.A.,900326803-8,Alimentos y bebidas,650,,Envigado,antioquia,evento,"Empresa familiar, decide el dueño directamente.",nuevo,2026-09-05,11,10,10,trim_unicode_nfc,False,Textiles La Esperanza S.A.,Textiles La Esperanza S.A.,trim_unicode_nfc,False,900326803-8,9003268038,nit_remove_formatting,False,Alimentos y bebidas,alimentos y bebidas,trim_unicode_casefold,False,650,650,nonnegative_decimal,False,,,missing,False,Envigado,Envigado,trim_unicode_nfc,False,antioquia,Antioquia,explicit_zone_alias,False,evento,evento,trim_unicode_casefold,False,"Empresa familiar, decide el dueño directamente.","Empresa familiar, decide el dueño directamente.",trim_unicode_nfc,False,nuevo,nuevo,trim_casefold_status,False,2026-09-05,2026-09-05,iso_date,False
11,Inversiones Santa Bárbara S.A.,998282196-0,Retail,25,1273000000,Chía,Centro,campaña,,nuevo,2026-09-09,12,11,11,trim_unicode_nfc,False,Inversiones Santa Bárbara S.A.,Inversiones Santa Bárbara S.A.,trim_unicode_nfc,False,998282196-0,9982821960,nit_remove_formatting,False,Retail,retail,trim_unicode_casefold,False,25,25,nonnegative_decimal,False,1273000000,1273000000,nonnegative_decimal,False,Chía,Chía,trim_unicode_nfc,False,Centro,Centro,explicit_zone_alias,False,campaña,campaña,trim_unicode_casefold,False,,,missing,False,nuevo,nuevo,trim_casefold_status,False,2026-09-09,2026-09-09,iso_date,False
12,Servicios Orinoquía S.A.S.,989677417-0,Textil,18,1965000000,Armenia,,campaña,"Está comparando tres propuestas, decide este mes.",nuevo,2026-09-05,13,12,12,trim_unicode_nfc,False,Servicios Orinoquía S.A.S.,Servicios Orinoquía S.A.S.,trim_unicode_nfc,False,989677417-0,9896774170,nit_remove_formatting,False,Textil,textil,trim_unicode_casefold,False,18,18,nonnegative_decimal,False,1965000000,1965000000,nonnegative_decimal,False,Armenia,Armenia,trim_unicode_nfc,False,,,missing,False,campaña,campaña,trim_unicode_casefold,False,"Está comparando tres propuestas, decide este mes.","Está comparando tres propuestas, decide este mes.",trim_unicode_nfc,False,nuevo,nuevo,trim_casefold_status,False,2026-09-05,2026-09-05,iso_date,False
13,Agropecuaria Vallecaucana S.A.S.,984201894-7,Agroindustria,12,696000000,Bogotá,Centro,referido,Tiene contrato vigente con otro proveedor hasta diciembre.,nuevo,2026-09-07,14,13,13,trim_unicode_nfc,False,Agropecuaria Vallecaucana S.A.S.,Agropecuaria Vallecaucana S.A.S.,trim_unicode_nfc,False,984201894-7,9842018947,nit_remove_formatting,False,Agroindustria,agroindustria,trim_unicode_casefold,False,12,12,nonnegative_decimal,False,696000000,696000000,nonnegative_decimal,False,Bogotá,Bogotá,trim_unicode_nfc,False,Centro,Centro,explicit_zone_alias,False,referido,referido,trim_unicode_casefold,False,Tiene contrato vigente con otro proveedor hasta diciembre.,Tiene contrato vigente con otro proveedor hasta diciembre.,trim_unicode_nfc,False,nuevo,nuevo,trim_casefold_status,False,2026-09-07,2026-09-07,iso_date,False
14,Textiles La Candelaria S. en C.,927559793-0,Servicios profesionales,80,6122000000,Medellín,ANT,campaña,,nuevo,2026-09-07,15,14,14,trim_unicode_nfc,False,Textiles La Candelaria S. en C.,Textiles La Candelaria S. en C.,trim_unicode_nfc,False,927559793-0,9275597930,nit_remove_formatting,False,Servicios profesionales,servicios profesionales,trim_unicode_casefold,False,80,80,nonnegative_decimal,False,6122000000,6122000000,nonnegative_decimal,False,Medellín,Medellín,trim_unicode_nfc,False,ANT,Antioquia,explicit_zone_alias,False,campaña,campaña,trim_unicode_casefold,False,,,missing,False,nuevo,nuevo,trim_casefold_status,False,2026-09-07,2026-09-07,iso_date,False
15,Soluciones Monserrate S.A.S.,916531782-4,Construcción,,1973000000,Cali,Occidente,lista,"Registro cargado desde base comprada, sin validar.",nuevo,2026-09-09,16,15,15,trim_unicode_nfc,False,Soluciones Monserrate S.A.S.,Soluciones Monserrate S.A.S.,trim_unicode_nfc,False,916531782-4,9165317824,nit_remove_formatting,False,Construcción,construcción,trim_unicode_casefold,False,,,missing,False,1973000000,1973000000,nonnegative_decimal,False,Cali,Cali,trim_unicode_nfc,False,Occidente,Occidente,explicit_zone_alias,False,lista,lista,trim_unicode_casefold,False,"Registro cargado desde base comprada, sin validar.","Registro cargado desde base comprada, sin validar.",trim_unicode_nfc,False,nuevo,nuevo,trim_casefold_status,False,2026-09-09,2026-09-09,iso_date,False
16,Comercializadora Las Palmas S.A.,951251562-0,Retail,260,17689000000,Cali,Occidente ,web,Solicitó información de eficiencia energética para planta nueva.,nuevo,2026-09-08,17,16,16,trim_unicode_nfc,False,Comercializadora Las Palmas S.A.,Comercializadora Las Palmas S.A.,trim_unicode_nfc,False,951251562-0,9512515620,nit_remove_formatting,False,Retail,retail,trim_unicode_casefold,False,260,260,nonnegative_decimal,False,17689000000,17689000000,nonnegative_decimal,False,Cali,Cali,trim_unicode_nfc,False,Occidente ,Occidente,explicit_zone_alias,False,web,web,trim_unicode_casefold,False,Solicitó información de eficiencia energética para planta nueva.,Solicitó información de eficiencia energética para planta nueva.,trim_unicode_nfc,False,nuevo,nuevo,trim_casefold_status,False,2026-09-08,2026-09-08,iso_date,False
17,Suministros Girardot S.A.,991596286-5,Inmobiliario,260,11298000000,Santa Marta,costa,evento,"Está comparando tres propuestas, decide este mes.",nuevo,2026-09-19,18,17,17,trim_unicode_nfc,False,Suministros Girardot S.A.,Suministros Girardot S.A.,trim_unicode_nfc,False,991596286-5,9915962865,nit_remove_formatting,False,Inmobiliario,inmobiliario,trim_unicode_casefold,False,260,260,nonnegative_decimal,False,11298000000,11298000000,nonnegative_decimal,False,Santa Marta,Santa Marta,trim_unicode_nfc,False,costa,Costa,explicit_zone_alias,False,evento,evento,trim_unicode_casefold,False,"Está comparando tres propuestas, decide este mes.","Está comparando tres propuestas, decide este mes.",trim_unicode_nfc,False,nuevo,nuevo,trim_casefold_status,False,2026-09-19,2026-09-19,iso_date,False
18,Constructora Tequendama S.A.,914599415-4,Agroindustria,260,11142000000,Bogotá,Centro,lista,,nuevo,2026-09-14,19,18,18,trim_unicode_nfc,False,Constructora Tequendama S.A.,Constructora Tequendama S.A.,trim_unicode_nfc,False,914599415-4,9145994154,nit_remove_formatting,False,Agroindustria,agroindustria,trim_unicode_casefold,False,260,260,nonnegative_decimal,False,11142000000,11142000000,nonnegative_decimal,False,Bogotá,Bogotá,trim_unicode_nfc,False,Centro,Centro,explicit_zone_alias,False,lista,lista,trim_unicode_casefold,False,,,missing,False,nuevo,nuevo,trim_casefold_status,False,2026-09-14,2026-09-14,iso_date,False
19,Inversiones Bolívar Ltda.,913615084-7,Minería,80,3828000000,Bucaramanga,centro,referido,"Quiere propuesta para siete sedes, no para una.",nuevo,2026-09-16,20,19,19,trim_unicode_nfc,False,Inversiones Bolívar Ltda.,Inversiones Bolívar Ltda.,trim_unicode_nfc,False,913615084-7,9136150847,nit_remove_formatting,False,Minería,minería,trim_unicode_casefold,False,80,80,nonnegative_decimal,False,3828000000,3828000000,nonnegative_decimal,False,Bucaramanga,Bucaramanga,trim_unicode_nfc,False,centro,Centro,explicit_zone_alias,False,referido,referido,trim_unicode_casefold,False,"Quiere propuesta para siete sedes, no para una.","Quiere propuesta para siete sedes, no para una.",trim_unicode_nfc,False,nuevo,nuevo,trim_casefold_status,False,2026-09-16,2026-09-16,iso_date,False
20,Manufacturas Zipaquirá S. en C.,912479572-8,Minería,120,4224000000,Bogotá,centro,evento,"Quiere propuesta para siete sedes, no para una.",Nuevo,2026-09-15,21,20,20,trim_unicode_nfc,False,Manufacturas Zipaquirá S. en C.,Manufacturas Zipaquirá S. en C.,trim_unicode_nfc,False,912479572-8,9124795728,nit_remove_formatting,False,Minería,minería,trim_unicode_casefold,False,120,120,nonnegative_decimal,False,4224000000,4224000000,nonnegative_decimal,False,Bogotá,Bogotá,trim_unicode_nfc,False,centro,Centro,explicit_zone_alias,False,evento,evento,trim_unicode_casefold,False,"Quiere propuesta para siete sedes, no para una.","Quiere propuesta para siete sedes, no para una.",trim_unicode_nfc,False,Nuevo,nuevo,trim_casefold_status,False,2026-09-15,2026-09-15,iso_date,False
21,Alimentos Monserrate S.A.S.,985662566-9,Química,80,6487000000,Bogotá,centro,referido,Lo refirió el gerente de una cuenta actual.,nuevo,2026-09-16,22,21,21,trim_unicode_nfc,False,Alimentos Monserrate S.A.S.,Alimentos Monserrate S.A.S.,trim_unicode_nfc,False,985662566-9,9856625669,nit_remove_formatting,False,Química,química,trim_unicode_casefold,False,80,80,nonnegative_decimal,False,6487000000,6487000000,nonnegative_decimal,False,Bogotá,Bogotá,trim_unicode_nfc,False,centro,Centro,explicit_zone_alias,False,referido,referido,trim_unicode_casefold,False,Lo refirió el gerente de una cuenta actual.,Lo refirió el gerente de una cuenta actual.,trim_unicode_nfc,False,nuevo,nuevo,trim_casefold_status,False,2026-09-16,2026-09-16,iso_date,False
22,Agropecuaria Antares S.A.S.,906430098-4,Manufactura,8,1528000000,Pereira,Occidente ,campaña,"Dejó los datos en el stand de la feria, mostró poco interés.",nuevo,2026-09-13,23,22,22,trim_unicode_nfc,False,Agropecuaria Antares S.A.S.,Agropecuaria Antares S.A.S.,trim_unicode_nfc,False,906430098-4,9064300984,nit_remove_formatting,False,Manufactura,manufactura,trim_unicode_casefold,False,8,8,nonnegative_decimal,False,1528000000,1528000000,nonnegative_decimal,False,Pereira,Pereira,trim_unicode_nfc,False,Occidente ,Occidente,explicit_zone_alias,False,campaña,campaña,trim_unicode_casefold,False,"Dejó los datos en el stand de la feria, mostró poco interés.","Dejó los datos en el stand de la feria, mostró poco interés.",trim_unicode_nfc,False,nuevo,nuevo,trim_casefold_status,False,2026-09-13,2026-09-13,iso_date,False
23,Grupo Monserrate S.A.S.,917968346-8,,180,4031000000,Chía,Centro,web,,nuevo,2026-09-08,24,23,23,trim_unicode_nfc,False,Grupo Monserrate S.A.S.,Grupo Monserrate S.A.S.,trim_unicode_nfc,False,917968346-8,9179683468,nit_remove_formatting,False,,,missing,False,180,180,nonnegative_decimal,False,4031000000,4031000000,nonnegative_decimal,False,Chía,Chía,trim_unicode_nfc,False,Centro,Centro,explicit_zone_alias,False,web,web,trim_unicode_casefold,False,,,missing,False,nuevo,nuevo,trim_casefold_status,False,2026-09-08,2026-09-08,iso_date,False
24,Logística Las Palmas S.A.S.,941532714-3,Transporte y logística,900,47307000000,Armenia,Occidente,campaña,"Quiere propuesta para siete sedes, no para una.",nuevo,2026-09-16,25,24,24,trim_unicode_nfc,False,Logística Las Palmas S.A.S.,Logística Las Palmas S.A.S.,trim_unicode_nfc,False,941532714-3,9415327143,nit_remove_formatting,False,Transporte y logística,transporte y logística,trim_unicode_casefold,False,900,900,nonnegative_decimal,False,47307000000,47307000000,nonnegative_decimal,False,Armenia,Armenia,trim_unicode_nfc,False,Occidente,Occidente,explicit_zone_alias,False,campaña,campaña,trim_unicode_casefold,False,"Quiere propuesta para siete sedes, no para una.","Quiere propuesta para siete sedes, no para una.",trim_unicode_nfc,False,nuevo,nuevo,trim_casefold_status,False,2026-09-16,2026-09-16,iso_date,False
25,Agropecuaria La Candelaria S.A.S.,983246305-8,Química,900,,Montería,Costa,referido,Llamar únicamente después de las 2 pm.,nuevo,2026-09-04,26,25,25,trim_unicode_nfc,False,Agropecuaria La Candelaria S.A.S.,Agropecuaria La Candelaria S.A.S.,trim_unicode_nfc,False,983246305-8,9832463058,nit_remove_formatting,False,Química,química,trim_unicode_casefold,False,900,900,nonnegative_decimal,False,,,missing,False,Montería,Montería,trim_unicode_nfc,False,Costa,Costa,explicit_zone_alias,False,referido,referido,trim_unicode_casefold,False,Llamar únicamente después de las 2 pm.,Llamar únicamente después de las 2 pm.,trim_unicode_nfc,False,nuevo,nuevo,trim_casefold_status,False,2026-09-04,2026-09-04,iso_date,False
26,Transportes Chicamocha S.A.,967891135-0,Servicios profesionales,12,693000000,Montería,Costa,referido,"Ya fue cliente en 2023, se retiró por precio.",nuevo,2026-09-05,27,26,26,trim_unicode_nfc,False,Transportes Chicamocha S.A.,Transportes Chicamocha S.A.,trim_unicode_nfc,False,967891135-0,9678911350,nit_remove_formatting,False,Servicios profesionales,servicios profesionales,trim_unicode_casefold,False,12,12,nonnegative_decimal,False,693000000,693000000,nonnegative_decimal,False,Montería,Montería,trim_unicode_nfc,False,Costa,Costa,explicit_zone_alias,False,referido,referido,trim_unicode_casefold,False,"Ya fue cliente en 2023, se retiró por precio.","Ya fue cliente en 2023, se retiró por precio.",trim_unicode_nfc,False,nuevo,nuevo,trim_casefold_status,False,2026-09-05,2026-09-05,iso_date,False
27,Industrias Orinoquía S.A.S.,941155275-9,Hotelería,900,52421000000,Tunja,,web,Tiene contrato vigente con otro proveedor hasta diciembre.,nuevo,2026-09-09,28,27,27,trim_unicode_nfc,False,Industrias Orinoquía S.A.S.,Industrias Orinoquía S.A.S.,trim_unicode_nfc,False,941155275-9,9411552759,nit_remove_formatting,False,Hotelería,hotelería,trim_unicode_casefold,False,900,900,nonnegative_decimal,False,52421000000,52421000000,nonnegative_decimal,False,Tunja,Tunja,trim_unicode_nfc,False,,,missing,False,web,web,trim_unicode_casefold,False,Tiene contrato vigente con otro proveedor hasta diciembre.,Tiene contrato vigente con otro proveedor hasta diciembre.,trim_unicode_nfc,False,nuevo,nuevo,trim_casefold_status,False,2026-09-09,2026-09-09,iso_date,False
28,Soluciones Las Palmas Ltda.,932476165-5,Textil,1400,71055000000,Cartagena,COSTA,web,Lo refirió el gerente de una cuenta actual.,nuevo,2026-09-05,29,28,28,trim_unicode_nfc,False,Soluciones Las Palmas Ltda.,Soluciones Las Palmas Ltda.,trim_unicode_nfc,False,932476165-5,9324761655,nit_remove_formatting,False,Textil,textil,trim_unicode_casefold,False,1400,1400,nonnegative_decimal,False,71055000000,71055000000,nonnegative_decimal,False,Cartagena,Cartagena,trim_unicode_nfc,False,COSTA,Costa,explicit_zone_alias,False,web,web,trim_unicode_casefold,False,Lo refirió el gerente de una cuenta actual.,Lo refirió el gerente de una cuenta actual.,trim_unicode_nfc,False,nuevo,nuevo,trim_casefold_status,False,2026-09-05,2026-09-05,iso_date,False
29,Servicios Monserrate Ltda.,932110868-6,Construcción,650,49488000000,Montería,costa,web,"Empresa familiar, decide el dueño directamente.",nuevo,2026-09-14,30,29,29,trim_unicode_nfc,False,Servicios Monserrate Ltda.,Servicios Monserrate Ltda.,trim_unicode_nfc,False,932110868-6,9321108686,nit_remove_formatting,False,Construcción,construcción,trim_unicode_casefold,False,650,650,nonnegative_decimal,False,49488000000,49488000000,nonnegative_decimal,False,Montería,Montería,trim_unicode_nfc,False,costa,Costa,explicit_zone_alias,False,web,web,trim_unicode_casefold,False,"Empresa familiar, decide el dueño directamente.","Empresa familiar, decide el dueño directamente.",trim_unicode_nfc,False,nuevo,nuevo,trim_casefold_status,False,2026-09-14,2026-09-14,iso_date,False
30,Logística El Poblado S.A.S.,925471761-1,Hotelería,2100,119599000000,Pereira,Occidente,referido,"Ya fue cliente en 2023, se retiró por precio.",nuevo,2026-09-15,31,30,30,trim_unicode_nfc,False,Logística El Poblado S.A.S.,Logística El Poblado S.A.S.,trim_unicode_nfc,False,925471761-1,9254717611,nit_remove_formatting,False,Hotelería,hotelería,trim_unicode_casefold,False,2100,2100,nonnegative_decimal,False,119599000000,119599000000,nonnegative_decimal,False,Pereira,Pereira,trim_unicode_nfc,False,Occidente,Occidente,explicit_zone_alias,False,referido,referido,trim_unicode_casefold,False,"Ya fue cliente en 2023, se retiró por precio.","Ya fue cliente en 2023, se retiró por precio.",trim_unicode_nfc,False,nuevo,nuevo,trim_casefold_status,False,2026-09-15,2026-09-15,iso_date,False
31,INVERSIONES EL POBLADO LTDA,950445842-8,Alimentos y bebidas,55,8320000000,Manizales,Occidente ,web,"Registro cargado desde base comprada, sin validar.",nuevo,2026-09-12,32,31,31,trim_unicode_nfc,False,INVERSIONES EL POBLADO LTDA,INVERSIONES EL POBLADO LTDA,trim_unicode_nfc,False,950445842-8,9504458428,nit_remove_formatting,False,Alimentos y bebidas,alimentos y bebidas,trim_unicode_casefold,False,55,55,nonnegative_decimal,False,8320000000,8320000000,nonnegative_decimal,False,Manizales,Manizales,trim_unicode_nfc,False,Occidente ,Occidente,explicit_zone_alias,False,web,web,trim_unicode_casefold,False,"Registro cargado desde base comprada, sin validar.","Registro cargado desde base comprada, sin validar.",trim_unicode_nfc,False,nuevo,nuevo,trim_casefold_status,False,2026-09-12,2026-09-12,iso_date,False
32,Suministros Cafetera Ltda.,961473710-3,Construcción,,17110000000,Cali,occidente,referido,,nuevo,2026-09-08,33,32,32,trim_unicode_nfc,False,Suministros Cafetera Ltda.,Suministros Cafetera Ltda.,trim_unicode_nfc,False,961473710-3,9614737103,nit_remove_formatting,False,Construcción,construcción,trim_unicode_casefold,False,,,missing,False,17110000000,17110000000,nonnegative_decimal,False,Cali,Cali,trim_unicode_nfc,False,occidente,Occidente,explicit_zone_alias,False,referido,referido,trim_unicode_casefold,False,,,missing,False,nuevo,nuevo,trim_casefold_status,False,2026-09-08,2026-09-08,iso_date,False
33,Inversiones Sierra Nevada Ltda.,943097053-0,Retail,120,8984000000,Medellín,Antioquia,web,Solicitó información de eficiencia energética para planta nueva.,nuevo,2026-09-11,34,33,33,trim_unicode_nfc,False,Inversiones Sierra Nevada Ltda.,Inversiones Sierra Nevada Ltda.,trim_unicode_nfc,False,943097053-0,9430970530,nit_remove_formatting,False,Retail,retail,trim_unicode_casefold,False,120,120,nonnegative_decimal,False,8984000000,8984000000,nonnegative_decimal,False,Medellín,Medellín,trim_unicode_nfc,False,Antioquia,Antioquia,explicit_zone_alias,False,web,web,trim_unicode_casefold,False,Solicitó información de eficiencia energética para planta nueva.,Solicitó información de eficiencia energética para planta nueva.,trim_unicode_nfc,False,nuevo,nuevo,trim_casefold_status,False,2026-09-11,2026-09-11,iso_date,False
34,Manufacturas Guadalupe S. en C.,994090847-6,Servicios profesionales,80,15184000000,Medellín,antioquia,evento,Llamar únicamente después de las 2 pm.,Nuevo,2026-09-13,35,34,34,trim_unicode_nfc,False,Manufacturas Guadalupe S. en C.,Manufacturas Guadalupe S. en C.,trim_unicode_nfc,False,994090847-6,9940908476,nit_remove_formatting,False,Servicios profesionales,servicios profesionales,trim_unicode_casefold,False,80,80,nonnegative_decimal,False,15184000000,15184000000,nonnegative_decimal,False,Medellín,Medellín,trim_unicode_nfc,False,antioquia,Antioquia,explicit_zone_alias,False,evento,evento,trim_unicode_casefold,False,Llamar únicamente después de las 2 pm.,Llamar únicamente después de las 2 pm.,trim_unicode_nfc,False,Nuevo,nuevo,trim_casefold_status,False,2026-09-13,2026-09-13,iso_date,False
35,Soluciones Santa Bárbara S. en C.,999706984-2,Servicios profesionales,12,1158000000,Palmira,Occidente,evento,Ya lo contactamos en marzo y pidió que no insistiéramos.,nuevo,2026-09-09,36,35,35,trim_unicode_nfc,False,Soluciones Santa Bárbara S. en C.,Soluciones Santa Bárbara S. en C.,trim_unicode_nfc,False,999706984-2,9997069842,nit_remove_formatting,False,Servicios profesionales,servicios profesionales,trim_unicode_casefold,False,12,12,nonnegative_decimal,False,1158000000,1158000000,nonnegative_decimal,False,Palmira,Palmira,trim_unicode_nfc,False,Occidente,Occidente,explicit_zone_alias,False,evento,evento,trim_unicode_casefold,False,Ya lo contactamos en marzo y pidió que no insistiéramos.,Ya lo contactamos en marzo y pidió que no insistiéramos.,trim_unicode_nfc,False,nuevo,nuevo,trim_casefold_status,False,2026-09-09,2026-09-09,iso_date,False
36,Transportes Zipaquirá S.A.,944551481-7,Inmobiliario,900,33600000000,Palmira,occidente,evento,,nuevo,2026-09-06,37,36,36,trim_unicode_nfc,False,Transportes Zipaquirá S.A.,Transportes Zipaquirá S.A.,trim_unicode_nfc,False,944551481-7,9445514817,nit_remove_formatting,False,Inmobiliario,inmobiliario,trim_unicode_casefold,False,900,900,nonnegative_decimal,False,33600000000,33600000000,nonnegative_decimal,False,Palmira,Palmira,trim_unicode_nfc,False,occidente,Occidente,explicit_zone_alias,False,evento,evento,trim_unicode_casefold,False,,,missing,False,nuevo,nuevo,trim_casefold_status,False,2026-09-06,2026-09-06,iso_date,False
37,Textiles del Caribe S.A.S.,960154635-8,Minería,18,2005000000,Sincelejo,COSTA,referido,Llamar únicamente después de las 2 pm.,nuevo,2026-09-16,38,37,37,trim_unicode_nfc,False,Textiles del Caribe S.A.S.,Textiles del Caribe S.A.S.,trim_unicode_nfc,False,960154635-8,9601546358,nit_remove_formatting,False,Minería,minería,trim_unicode_casefold,False,18,18,nonnegative_decimal,False,2005000000,2005000000,nonnegative_decimal,False,Sincelejo,Sincelejo,trim_unicode_nfc,False,COSTA,Costa,explicit_zone_alias,False,referido,referido,trim_unicode_casefold,False,Llamar únicamente después de las 2 pm.,Llamar únicamente después de las 2 pm.,trim_unicode_nfc,False,nuevo,nuevo,trim_casefold_status,False,2026-09-16,2026-09-16,iso_date,False
38,Industrias Tequendama S.A.S.,954434522-4,Minería,55,4619000000,Medellín,ANT,lista,,nuevo,2026-09-12,39,38,38,trim_unicode_nfc,False,Industrias Tequendama S.A.S.,Industrias Tequendama S.A.S.,trim_unicode_nfc,False,954434522-4,9544345224,nit_remove_formatting,False,Minería,minería,trim_unicode_casefold,False,55,55,nonnegative_decimal,False,4619000000,4619000000,nonnegative_decimal,False,Medellín,Medellín,trim_unicode_nfc,False,ANT,Antioquia,explicit_zone_alias,False,lista,lista,trim_unicode_casefold,False,,,missing,False,nuevo,nuevo,trim_casefold_status,False,2026-09-12,2026-09-12,iso_date,False
39,Suministros Los Nevados Ltda.,975142262-2,Química,12,1875000000,Chía,Centro,lista,"Correo rebotado, el celular sí contesta.",nuevo,2026-09-05,40,39,39,trim_unicode_nfc,False,Suministros Los Nevados Ltda.,Suministros Los Nevados Ltda.,trim_unicode_nfc,False,975142262-2,9751422622,nit_remove_formatting,False,Química,química,trim_unicode_casefold,False,12,12,nonnegative_decimal,False,1875000000,1875000000,nonnegative_decimal,False,Chía,Chía,trim_unicode_nfc,False,Centro,Centro,explicit_zone_alias,False,lista,lista,trim_unicode_casefold,False,"Correo rebotado, el celular sí contesta.","Correo rebotado, el celular sí contesta.",trim_unicode_nfc,False,nuevo,nuevo,trim_casefold_status,False,2026-09-05,2026-09-05,iso_date,False
40,Soluciones Magdalena Ltda.,998188707-4,Agroindustria,55,5268000000,Soacha,Bogotá,campaña,Tiene contrato vigente con otro proveedor hasta diciembre.,nuevo,2026-09-15,41,40,40,trim_unicode_nfc,False,Soluciones Magdalena Ltda.,Soluciones Magdalena Ltda.,trim_unicode_nfc,False,998188707-4,9981887074,nit_remove_formatting,False,Agroindustria,agroindustria,trim_unicode_casefold,False,55,55,nonnegative_decimal,False,5268000000,5268000000,nonnegative_decimal,False,Soacha,Soacha,trim_unicode_nfc,False,Bogotá,Centro,explicit_zone_alias,False,campaña,campaña,trim_unicode_casefold,False,Tiene contrato vigente con otro proveedor hasta diciembre.,Tiene contrato vigente con otro proveedor hasta diciembre.,trim_unicode_nfc,False,nuevo,nuevo,trim_casefold_status,False,2026-09-15,2026-09-15,iso_date,False
41,Manufacturas Andina S. en C.,993480440-3,Textil,260,6840000000,Montería,,lista,,nuevo,2026-09-05,42,41,41,trim_unicode_nfc,False,Manufacturas Andina S. en C.,Manufacturas Andina S. en C.,trim_unicode_nfc,False,993480440-3,9934804403,nit_remove_formatting,False,Textil,textil,trim_unicode_casefold,False,260,260,nonnegative_decimal,False,6840000000,6840000000,nonnegative_decimal,False,Montería,Montería,trim_unicode_nfc,False,,,missing,False,lista,lista,trim_unicode_casefold,False,,,missing,False,nuevo,nuevo,trim_casefold_status,False,2026-09-05,2026-09-05,iso_date,False
42,Soluciones Chicamocha S. en C.,960758557-1,Tecnología,55,2726000000,Bogotá,Bogotá,campaña,"Está comparando tres propuestas, decide este mes.",nuevo,2026-09-05,43,42,42,trim_unicode_nfc,False,Soluciones Chicamocha S. en C.,Soluciones Chicamocha S. en C.,trim_unicode_nfc,False,960758557-1,9607585571,nit_remove_formatting,False,Tecnología,tecnología,trim_unicode_casefold,False,55,55,nonnegative_decimal,False,2726000000,2726000000,nonnegative_decimal,False,Bogotá,Bogotá,trim_unicode_nfc,False,Bogotá,Centro,explicit_zone_alias,False,campaña,campaña,trim_unicode_casefold,False,"Está comparando tres propuestas, decide este mes.","Está comparando tres propuestas, decide este mes.",trim_unicode_nfc,False,nuevo,nuevo,trim_casefold_status,False,2026-09-05,2026-09-05,iso_date,False
43,Comercializadora La Esperanza S.A.S.,910726095-8,Hotelería,18,2220000000,Envigado,ANT,lista,"Correo rebotado, el celular sí contesta.",nuevo,2026-09-14,44,43,43,trim_unicode_nfc,False,Comercializadora La Esperanza S.A.S.,Comercializadora La Esperanza S.A.S.,trim_unicode_nfc,False,910726095-8,9107260958,nit_remove_formatting,False,Hotelería,hotelería,trim_unicode_casefold,False,18,18,nonnegative_decimal,False,2220000000,2220000000,nonnegative_decimal,False,Envigado,Envigado,trim_unicode_nfc,False,ANT,Antioquia,explicit_zone_alias,False,lista,lista,trim_unicode_casefold,False,"Correo rebotado, el celular sí contesta.","Correo rebotado, el celular sí contesta.",trim_unicode_nfc,False,nuevo,nuevo,trim_casefold_status,False,2026-09-14,2026-09-14,iso_date,False
44,Suministros Los Nevados S.A.S.,973492989-5,Textil,40,2364000000,Soacha,Centro,referido,"Empresa familiar, decide el dueño directamente.",nuevo,2026-09-16,45,44,44,trim_unicode_nfc,False,Suministros Los Nevados S.A.S.,Suministros Los Nevados S.A.S.,trim_unicode_nfc,False,973492989-5,9734929895,nit_remove_formatting,False,Textil,textil,trim_unicode_casefold,False,40,40,nonnegative_decimal,False,2364000000,2364000000,nonnegative_decimal,False,Soacha,Soacha,trim_unicode_nfc,False,Centro,Centro,explicit_zone_alias,False,referido,referido,trim_unicode_casefold,False,"Empresa familiar, decide el dueño directamente.","Empresa familiar, decide el dueño directamente.",trim_unicode_nfc,False,nuevo,nuevo,trim_casefold_status,False,2026-09-16,2026-09-16,iso_date,False
45,Manufacturas Cafetera S. en C.,929489132-8,Textil,80,7847000000,Itagüí,Antioquia,referido,"Está comparando tres propuestas, decide este mes.",nuevo,2026-09-07,46,45,45,trim_unicode_nfc,False,Manufacturas Cafetera S. en C.,Manufacturas Cafetera S. en C.,trim_unicode_nfc,False,929489132-8,9294891328,nit_remove_formatting,False,Textil,textil,trim_unicode_casefold,False,80,80,nonnegative_decimal,False,7847000000,7847000000,nonnegative_decimal,False,Itagüí,Itagüí,trim_unicode_nfc,False,Antioquia,Antioquia,explicit_zone_alias,False,referido,referido,trim_unicode_casefold,False,"Está comparando tres propuestas, decide este mes.","Está comparando tres propuestas, decide este mes.",trim_unicode_nfc,False,nuevo,nuevo,trim_casefold_status,False,2026-09-07,2026-09-07,iso_date,False
46,Textiles Orinoquía S.A.,997104794-5,Química,420,69979000000,Armenia,occidente,referido,Llamar únicamente después de las 2 pm.,nuevo,2026-09-04,47,46,46,trim_unicode_nfc,False,Textiles Orinoquía S.A.,Textiles Orinoquía S.A.,trim_unicode_nfc,False,997104794-5,9971047945,nit_remove_formatting,False,Química,química,trim_unicode_casefold,False,420,420,nonnegative_decimal,False,69979000000,69979000000,nonnegative_decimal,False,Armenia,Armenia,trim_unicode_nfc,False,occidente,Occidente,explicit_zone_alias,False,referido,referido,trim_unicode_casefold,False,Llamar únicamente después de las 2 pm.,Llamar únicamente después de las 2 pm.,trim_unicode_nfc,False,nuevo,nuevo,trim_casefold_status,False,2026-09-04,2026-09-04,iso_date,False
47,Soluciones Orinoquía S.A.S.,917891485-2,Textil,,2311000000,Cali,Occidente,lista,Insistió en hablar con alguien senior.,nuevo,2026-09-06,48,47,47,trim_unicode_nfc,False,Soluciones Orinoquía S.A.S.,Soluciones Orinoquía S.A.S.,trim_unicode_nfc,False,917891485-2,9178914852,nit_remove_formatting,False,Textil,textil,trim_unicode_casefold,False,,,missing,False,2311000000,2311000000,nonnegative_decimal,False,Cali,Cali,trim_unicode_nfc,False,Occidente,Occidente,explicit_zone_alias,False,lista,lista,trim_unicode_casefold,False,Insistió en hablar con alguien senior.,Insistió en hablar con alguien senior.,trim_unicode_nfc,False,nuevo,nuevo,trim_casefold_status,False,2026-09-06,2026-09-06,iso_date,False
48,Comercializadora Magdalena S.A.S.,940451158-5,Metalmecánica,1400,32081000000,Medellín,ANT,evento,"Quiere propuesta para siete sedes, no para una.",nuevo,2026-09-06,49,48,48,trim_unicode_nfc,False,Comercializadora Magdalena S.A.S.,Comercializadora Magdalena S.A.S.,trim_unicode_nfc,False,940451158-5,9404511585,nit_remove_formatting,False,Metalmecánica,metalmecánica,trim_unicode_casefold,False,1400,1400,nonnegative_decimal,False,32081000000,32081000000,nonnegative_decimal,False,Medellín,Medellín,trim_unicode_nfc,False,ANT,Antioquia,explicit_zone_alias,False,evento,evento,trim_unicode_casefold,False,"Quiere propuesta para siete sedes, no para una.","Quiere propuesta para siete sedes, no para una.",trim_unicode_nfc,False,nuevo,nuevo,trim_casefold_status,False,2026-09-06,2026-09-06,iso_date,False
49,Servicios Zipaquirá S.A.,962551503-3,Educación,420,110602000000,Montería,costa,evento,"Quiere propuesta para siete sedes, no para una.",nuevo,2026-09-04,50,49,49,trim_unicode_nfc,False,Servicios Zipaquirá S.A.,Servicios Zipaquirá S.A.,trim_unicode_nfc,False,962551503-3,9625515033,nit_remove_formatting,False,Educación,educación,trim_unicode_casefold,False,420,420,nonnegative_decimal,False,110602000000,110602000000,nonnegative_decimal,False,Montería,Montería,trim_unicode_nfc,False,costa,Costa,explicit_zone_alias,False,evento,evento,trim_unicode_casefold,False,"Quiere propuesta para siete sedes, no para una.","Quiere propuesta para siete sedes, no para una.",trim_unicode_nfc,False,nuevo,nuevo,trim_casefold_status,False,2026-09-04,2026-09-04,iso_date,False
50,Alimentos Girardot Ltda.,911791476-9,,650,19882000000,Barranquilla,Costa,campaña,"Está comparando tres propuestas, decide este mes.",nuevo,2026-09-12,51,50,50,trim_unicode_nfc,False,Alimentos Girardot Ltda.,Alimentos Girardot Ltda.,trim_unicode_nfc,False,911791476-9,9117914769,nit_remove_formatting,False,,,missing,False,650,650,nonnegative_decimal,False,19882000000,19882000000,nonnegative_decimal,False,Barranquilla,Barranquilla,trim_unicode_nfc,False,Costa,Costa,explicit_zone_alias,False,campaña,campaña,trim_unicode_casefold,False,"Está comparando tres propuestas, decide este mes.","Está comparando tres propuestas, decide este mes.",trim_unicode_nfc,False,nuevo,nuevo,trim_casefold_status,False,2026-09-12,2026-09-12,iso_date,False
51,Manufacturas Bolívar S.A.,937718386-9,Textil,1400,118662000000,Medellín,Antioquia,lista,,nuevo,2026-09-08,52,51,51,trim_unicode_nfc,False,Manufacturas Bolívar S.A.,Manufacturas Bolívar S.A.,trim_unicode_nfc,False,937718386-9,9377183869,nit_remove_formatting,False,Textil,textil,trim_unicode_casefold,False,1400,1400,nonnegative_decimal,False,118662000000,118662000000,nonnegative_decimal,False,Medellín,Medellín,trim_unicode_nfc,False,Antioquia,Antioquia,explicit_zone_alias,False,lista,lista,trim_unicode_casefold,False,,,missing,False,nuevo,nuevo,trim_casefold_status,False,2026-09-08,2026-09-08,iso_date,False
52,Logística Sierra Nevada S.A.,936780718-6,Alimentos y bebidas,8,2132000000,Barranquilla,Costa,referido,"Correo rebotado, el celular sí contesta.",nuevo,2026-09-16,53,52,52,trim_unicode_nfc,False,Logística Sierra Nevada S.A.,Logística Sierra Nevada S.A.,trim_unicode_nfc,False,936780718-6,9367807186,nit_remove_formatting,False,Alimentos y bebidas,alimentos y bebidas,trim_unicode_casefold,False,8,8,nonnegative_decimal,False,2132000000,2132000000,nonnegative_decimal,False,Barranquilla,Barranquilla,trim_unicode_nfc,False,Costa,Costa,explicit_zone_alias,False,referido,referido,trim_unicode_casefold,False,"Correo rebotado, el celular sí contesta.","Correo rebotado, el celular sí contesta.",trim_unicode_nfc,False,nuevo,nuevo,trim_casefold_status,False,2026-09-16,2026-09-16,iso_date,False
53,Grupo Guadalupe S.A.S.,918106921-9,Construcción,12,1058000000,Chía,Bogotá,lista,"Dejó los datos en el stand de la feria, mostró poco interés.",nuevo,2026-09-27,54,53,53,trim_unicode_nfc,False,Grupo Guadalupe S.A.S.,Grupo Guadalupe S.A.S.,trim_unicode_nfc,False,918106921-9,9181069219,nit_remove_formatting,False,Construcción,construcción,trim_unicode_casefold,False,12,12,nonnegative_decimal,False,1058000000,1058000000,nonnegative_decimal,False,Chía,Chía,trim_unicode_nfc,False,Bogotá,Centro,explicit_zone_alias,False,lista,lista,trim_unicode_casefold,False,"Dejó los datos en el stand de la feria, mostró poco interés.","Dejó los datos en el stand de la feria, mostró poco interés.",trim_unicode_nfc,False,nuevo,nuevo,trim_casefold_status,False,2026-09-27,2026-09-27,iso_date,False
54,Logística Magdalena S.A.S.,900744936-6,Retail,25,1677000000,Cali,occidente,campaña,Lo refirió el gerente de una cuenta actual.,nuevo,2026-09-14,55,54,54,trim_unicode_nfc,False,Logística Magdalena S.A.S.,Logística Magdalena S.A.S.,trim_unicode_nfc,False,900744936-6,9007449366,nit_remove_formatting,False,Retail,retail,trim_unicode_casefold,False,25,25,nonnegative_decimal,False,1677000000,1677000000,nonnegative_decimal,False,Cali,Cali,trim_unicode_nfc,False,occidente,Occidente,explicit_zone_alias,False,campaña,campaña,trim_unicode_casefold,False,Lo refirió el gerente de una cuenta actual.,Lo refirió el gerente de una cuenta actual.,trim_unicode_nfc,False,nuevo,nuevo,trim_casefold_status,False,2026-09-14,2026-09-14,iso_date,False
55,Manufacturas Pacífico Sur S.A.,942230918-5,Hotelería,25,2225000000,Cúcuta,Bogotá,lista,,nuevo,2026-09-09,56,55,55,trim_unicode_nfc,False,Manufacturas Pacífico Sur S.A.,Manufacturas Pacífico Sur S.A.,trim_unicode_nfc,False,942230918-5,9422309185,nit_remove_formatting,False,Hotelería,hotelería,trim_unicode_casefold,False,25,25,nonnegative_decimal,False,2225000000,2225000000,nonnegative_decimal,False,Cúcuta,Cúcuta,trim_unicode_nfc,False,Bogotá,Centro,explicit_zone_alias,False,lista,lista,trim_unicode_casefold,False,,,missing,False,nuevo,nuevo,trim_casefold_status,False,2026-09-09,2026-09-09,iso_date,False
56,Manufacturas Tequendama S. en C.,958904706-7,Minería,180,7464000000,Armenia,Occidente,lista,"Registro cargado desde base comprada, sin validar.",nuevo,2026-09-09,57,56,56,trim_unicode_nfc,False,Manufacturas Tequendama S. en C.,Manufacturas Tequendama S. en C.,trim_unicode_nfc,False,958904706-7,9589047067,nit_remove_formatting,False,Minería,minería,trim_unicode_casefold,False,180,180,nonnegative_decimal,False,7464000000,7464000000,nonnegative_decimal,False,Armenia,Armenia,trim_unicode_nfc,False,Occidente,Occidente,explicit_zone_alias,False,lista,lista,trim_unicode_casefold,False,"Registro cargado desde base comprada, sin validar.","Registro cargado desde base comprada, sin validar.",trim_unicode_nfc,False,nuevo,nuevo,trim_casefold_status,False,2026-09-09,2026-09-09,iso_date,False
57,Manufacturas Caribe Azul S.A.S.,988578555-1,Química,18,410000000,Palmira,Occidente,web,"Está comparando tres propuestas, decide este mes.",nuevo,2026-09-05,58,57,57,trim_unicode_nfc,False,Manufacturas Caribe Azul S.A.S.,Manufacturas Caribe Azul S.A.S.,trim_unicode_nfc,False,988578555-1,9885785551,nit_remove_formatting,False,Química,química,trim_unicode_casefold,False,18,18,nonnegative_decimal,False,410000000,410000000,nonnegative_decimal,False,Palmira,Palmira,trim_unicode_nfc,False,Occidente,Occidente,explicit_zone_alias,False,web,web,trim_unicode_casefold,False,"Está comparando tres propuestas, decide este mes.","Está comparando tres propuestas, decide este mes.",trim_unicode_nfc,False,nuevo,nuevo,trim_casefold_status,False,2026-09-05,2026-09-05,iso_date,False
58,Distribuidora Magdalena S. en C.,924589561-0,Metalmecánica,40,1028000000,Barranquilla,Costa,referido,"Correo rebotado, el celular sí contesta.",Nuevo,2026-09-13,59,58,58,trim_unicode_nfc,False,Distribuidora Magdalena S. en C.,Distribuidora Magdalena S. en C.,trim_unicode_nfc,False,924589561-0,9245895610,nit_remove_formatting,False,Metalmecánica,metalmecánica,trim_unicode_casefold,False,40,40,nonnegative_decimal,False,1028000000,1028000000,nonnegative_decimal,False,Barranquilla,Barranquilla,trim_unicode_nfc,False,Costa,Costa,explicit_zone_alias,False,referido,referido,trim_unicode_casefold,False,"Correo rebotado, el celular sí contesta.","Correo rebotado, el celular sí contesta.",trim_unicode_nfc,False,Nuevo,nuevo,trim_casefold_status,False,2026-09-13,2026-09-13,iso_date,False
59,Servicios San Rafael S.A.,966071620-3,Tecnología,,822000000,Tunja,CENTRO,lista,"Está comparando tres propuestas, decide este mes.",nuevo,2026-09-05,60,59,59,trim_unicode_nfc,False,Servicios San Rafael S.A.,Servicios San Rafael S.A.,trim_unicode_nfc,False,966071620-3,9660716203,nit_remove_formatting,False,Tecnología,tecnología,trim_unicode_casefold,False,,,missing,False,822000000,822000000,nonnegative_decimal,False,Tunja,Tunja,trim_unicode_nfc,False,CENTRO,Centro,explicit_zone_alias,False,lista,lista,trim_unicode_casefold,False,"Está comparando tres propuestas, decide este mes.","Está comparando tres propuestas, decide este mes.",trim_unicode_nfc,False,nuevo,nuevo,trim_casefold_status,False,2026-09-05,2026-09-05,iso_date,False
60,Servicios Chicamocha S. en C.,950221501-0,Retail,80,16736000000,Sincelejo,COSTA,evento,Tiene contrato vigente con otro proveedor hasta diciembre.,nuevo,2026-09-07,61,60,60,trim_unicode_nfc,False,Servicios Chicamocha S. en C.,Servicios Chicamocha S. en C.,trim_unicode_nfc,False,950221501-0,9502215010,nit_remove_formatting,False,Retail,retail,trim_unicode_casefold,False,80,80,nonnegative_decimal,False,16736000000,16736000000,nonnegative_decimal,False,Sincelejo,Sincelejo,trim_unicode_nfc,False,COSTA,Costa,explicit_zone_alias,False,evento,evento,trim_unicode_casefold,False,Tiene contrato vigente con otro proveedor hasta diciembre.,Tiene contrato vigente con otro proveedor hasta diciembre.,trim_unicode_nfc,False,nuevo,nuevo,trim_casefold_status,False,2026-09-07,2026-09-07,iso_date,False
61,Suministros Los Nevados S. en C.,992413219-3,Educación,120,11217000000,Cúcuta,Centro,referido,,nuevo,2026-09-04,62,61,61,trim_unicode_nfc,False,Suministros Los Nevados S. en C.,Suministros Los Nevados S. en C.,trim_unicode_nfc,False,992413219-3,9924132193,nit_remove_formatting,False,Educación,educación,trim_unicode_casefold,False,120,120,nonnegative_decimal,False,11217000000,11217000000,nonnegative_decimal,False,Cúcuta,Cúcuta,trim_unicode_nfc,False,Centro,Centro,explicit_zone_alias,False,referido,referido,trim_unicode_casefold,False,,,missing,False,nuevo,nuevo,trim_casefold_status,False,2026-09-04,2026-09-04,iso_date,False
62,Textiles Pacífico Sur S. en C.,907894352-8,Manufactura,260,11667000000,Tunja,,evento,"Dejó los datos en el stand de la feria, mostró poco interés.",nuevo,2026-09-05,63,62,62,trim_unicode_nfc,False,Textiles Pacífico Sur S. en C.,Textiles Pacífico Sur S. en C.,trim_unicode_nfc,False,907894352-8,9078943528,nit_remove_formatting,False,Manufactura,manufactura,trim_unicode_casefold,False,260,260,nonnegative_decimal,False,11667000000,11667000000,nonnegative_decimal,False,Tunja,Tunja,trim_unicode_nfc,False,,,missing,False,evento,evento,trim_unicode_casefold,False,"Dejó los datos en el stand de la feria, mostró poco interés.","Dejó los datos en el stand de la feria, mostró poco interés.",trim_unicode_nfc,False,nuevo,nuevo,trim_casefold_status,False,2026-09-05,2026-09-05,iso_date,False
63,Constructora Cafetera S.A.S.,929911100-3,Manufactura,8,1117000000,Armenia,Occidente,referido,"Registro cargado desde base comprada, sin validar.",nuevo,2026-09-08,64,63,63,trim_unicode_nfc,False,Constructora Cafetera S.A.S.,Constructora Cafetera S.A.S.,trim_unicode_nfc,False,929911100-3,9299111003,nit_remove_formatting,False,Manufactura,manufactura,trim_unicode_casefold,False,8,8,nonnegative_decimal,False,1117000000,1117000000,nonnegative_decimal,False,Armenia,Armenia,trim_unicode_nfc,False,Occidente,Occidente,explicit_zone_alias,False,referido,referido,trim_unicode_casefold,False,"Registro cargado desde base comprada, sin validar.","Registro cargado desde base comprada, sin validar.",trim_unicode_nfc,False,nuevo,nuevo,trim_casefold_status,False,2026-09-08,2026-09-08,iso_date,False
64,Alimentos Monserrate S.A.S.,965112478-7,Retail,420,36756000000,Bogotá,CENTRO,referido,"Quiere propuesta para siete sedes, no para una.",nuevo,2026-09-14,65,64,64,trim_unicode_nfc,False,Alimentos Monserrate S.A.S.,Alimentos Monserrate S.A.S.,trim_unicode_nfc,False,965112478-7,9651124787,nit_remove_formatting,False,Retail,retail,trim_unicode_casefold,False,420,420,nonnegative_decimal,False,36756000000,36756000000,nonnegative_decimal,False,Bogotá,Bogotá,trim_unicode_nfc,False,CENTRO,Centro,explicit_zone_alias,False,referido,referido,trim_unicode_casefold,False,"Quiere propuesta para siete sedes, no para una.","Quiere propuesta para siete sedes, no para una.",trim_unicode_nfc,False,nuevo,nuevo,trim_casefold_status,False,2026-09-14,2026-09-14,iso_date,False
65,Distribuidora Los Nevados S.A.,921189136-5,Salud,40,1233000000,Palmira,occidente,lista,"Está comparando tres propuestas, decide este mes.",nuevo,2026-09-15,66,65,65,trim_unicode_nfc,False,Distribuidora Los Nevados S.A.,Distribuidora Los Nevados S.A.,trim_unicode_nfc,False,921189136-5,9211891365,nit_remove_formatting,False,Salud,salud,trim_unicode_casefold,False,40,40,nonnegative_decimal,False,1233000000,1233000000,nonnegative_decimal,False,Palmira,Palmira,trim_unicode_nfc,False,occidente,Occidente,explicit_zone_alias,False,lista,lista,trim_unicode_casefold,False,"Está comparando tres propuestas, decide este mes.","Está comparando tres propuestas, decide este mes.",trim_unicode_nfc,False,nuevo,nuevo,trim_casefold_status,False,2026-09-15,2026-09-15,iso_date,False
66,Agropecuaria Caribe Azul Ltda.,900087755-4,Transporte y logística,900,108226000000,Medellín,ANT,evento,"Empresa familiar, decide el dueño directamente.",nuevo,2026-09-08,67,66,66,trim_unicode_nfc,False,Agropecuaria Caribe Azul Ltda.,Agropecuaria Caribe Azul Ltda.,trim_unicode_nfc,False,900087755-4,9000877554,nit_remove_formatting,False,Transporte y logística,transporte y logística,trim_unicode_casefold,False,900,900,nonnegative_decimal,False,108226000000,108226000000,nonnegative_decimal,False,Medellín,Medellín,trim_unicode_nfc,False,ANT,Antioquia,explicit_zone_alias,False,evento,evento,trim_unicode_casefold,False,"Empresa familiar, decide el dueño directamente.","Empresa familiar, decide el dueño directamente.",trim_unicode_nfc,False,nuevo,nuevo,trim_casefold_status,False,2026-09-08,2026-09-08,iso_date,False
67,Manufacturas Las Palmas S. en C.,986349204-7,Retail,1400,,Cali,Occidente,lista,"Dejó los datos en el stand de la feria, mostró poco interés.",nuevo,2026-09-05,68,67,67,trim_unicode_nfc,False,Manufacturas Las Palmas S. en C.,Manufacturas Las Palmas S. en C.,trim_unicode_nfc,False,986349204-7,9863492047,nit_remove_formatting,False,Retail,retail,trim_unicode_casefold,False,1400,1400,nonnegative_decimal,False,,,missing,False,Cali,Cali,trim_unicode_nfc,False,Occidente,Occidente,explicit_zone_alias,False,lista,lista,trim_unicode_casefold,False,"Dejó los datos en el stand de la feria, mostró poco interés.","Dejó los datos en el stand de la feria, mostró poco interés.",trim_unicode_nfc,False,nuevo,nuevo,trim_casefold_status,False,2026-09-05,2026-09-05,iso_date,False
68,Distribuidora Girardot Ltda.,912179203-3,Alimentos y bebidas,650,64125000000,Bogotá,CENTRO,evento,"Registro cargado desde base comprada, sin validar.",nuevo,2026-09-04,69,68,68,trim_unicode_nfc,False,Distribuidora Girardot Ltda.,Distribuidora Girardot Ltda.,trim_unicode_nfc,False,912179203-3,9121792033,nit_remove_formatting,False,Alimentos y bebidas,alimentos y bebidas,trim_unicode_casefold,False,650,650,nonnegative_decimal,False,64125000000,64125000000,nonnegative_decimal,False,Bogotá,Bogotá,trim_unicode_nfc,False,CENTRO,Centro,explicit_zone_alias,False,evento,evento,trim_unicode_casefold,False,"Registro cargado desde base comprada, sin validar.","Registro cargado desde base comprada, sin validar.",trim_unicode_nfc,False,nuevo,nuevo,trim_casefold_status,False,2026-09-04,2026-09-04,iso_date,False
69,Industrias Antares S.A.S.,928837419-1,Textil,900,25713000000,Barranquilla,COSTA,evento,"Registro cargado desde base comprada, sin validar.",en_gestion,2026-07-18,70,69,69,trim_unicode_nfc,False,Industrias Antares S.A.S.,Industrias Antares S.A.S.,trim_unicode_nfc,False,928837419-1,9288374191,nit_remove_formatting,False,Textil,textil,trim_unicode_casefold,False,900,900,nonnegative_decimal,False,25713000000,25713000000,nonnegative_decimal,False,Barranquilla,Barranquilla,trim_unicode_nfc,False,COSTA,Costa,explicit_zone_alias,False,evento,evento,trim_unicode_casefold,False,"Registro cargado desde base comprada, sin validar.","Registro cargado desde base comprada, sin validar.",trim_unicode_nfc,False,en_gestion,en_gestion,trim_casefold_status,False,2026-07-18,2026-07-18,iso_date,False
70,Transportes Santa Bárbara S.A.S.,986122439-4,Metalmecánica,8,2184000000,Itagüí,ANT,evento,"Correo rebotado, el celular sí contesta.",asignado,2026-07-01,71,70,70,trim_unicode_nfc,False,Transportes Santa Bárbara S.A.S.,Transportes Santa Bárbara S.A.S.,trim_unicode_nfc,False,986122439-4,9861224394,nit_remove_formatting,False,Metalmecánica,metalmecánica,trim_unicode_casefold,False,8,8,nonnegative_decimal,False,2184000000,2184000000,nonnegative_decimal,False,Itagüí,Itagüí,trim_unicode_nfc,False,ANT,Antioquia,explicit_zone_alias,False,evento,evento,trim_unicode_casefold,False,"Correo rebotado, el celular sí contesta.","Correo rebotado, el celular sí contesta.",trim_unicode_nfc,False,asignado,asignado,trim_casefold_status,False,2026-07-01,2026-07-01,iso_date,False
71,Logística San Rafael S.A.,950151949-8,Hotelería,180,17747000000,Sincelejo,Costa,web,Insistió en hablar con alguien senior.,en_gestion,2026-06-09,72,71,71,trim_unicode_nfc,False,Logística San Rafael S.A.,Logística San Rafael S.A.,trim_unicode_nfc,False,950151949-8,9501519498,nit_remove_formatting,False,Hotelería,hotelería,trim_unicode_casefold,False,180,180,nonnegative_decimal,False,17747000000,17747000000,nonnegative_decimal,False,Sincelejo,Sincelejo,trim_unicode_nfc,False,Costa,Costa,explicit_zone_alias,False,web,web,trim_unicode_casefold,False,Insistió en hablar con alguien senior.,Insistió en hablar con alguien senior.,trim_unicode_nfc,False,en_gestion,en_gestion,trim_casefold_status,False,2026-06-09,2026-06-09,iso_date,False
72,Grupo El Poblado S. en C.,934012288-3,,180,5362000000,Chía,Centro,campaña,Pidió que lo contacte alguien que conozca el sector.,asignado,2026-05-14,73,72,72,trim_unicode_nfc,False,Grupo El Poblado S. en C.,Grupo El Poblado S. en C.,trim_unicode_nfc,False,934012288-3,9340122883,nit_remove_formatting,False,,,missing,False,180,180,nonnegative_decimal,False,5362000000,5362000000,nonnegative_decimal,False,Chía,Chía,trim_unicode_nfc,False,Centro,Centro,explicit_zone_alias,False,campaña,campaña,trim_unicode_casefold,False,Pidió que lo contacte alguien que conozca el sector.,Pidió que lo contacte alguien que conozca el sector.,trim_unicode_nfc,False,asignado,asignado,trim_casefold_status,False,2026-05-14,2026-05-14,iso_date,False
73,Industrias Sierra Nevada S. en C.,972136432-2,Alimentos y bebidas,80,4652000000,Sincelejo,costa,web,"Ya fue cliente en 2023, se retiró por precio.",en_gestion,2026-08-03,74,73,73,trim_unicode_nfc,False,Industrias Sierra Nevada S. en C.,Industrias Sierra Nevada S. en C.,trim_unicode_nfc,False,972136432-2,9721364322,nit_remove_formatting,False,Alimentos y bebidas,alimentos y bebidas,trim_unicode_casefold,False,80,80,nonnegative_decimal,False,4652000000,4652000000,nonnegative_decimal,False,Sincelejo,Sincelejo,trim_unicode_nfc,False,costa,Costa,explicit_zone_alias,False,web,web,trim_unicode_casefold,False,"Ya fue cliente en 2023, se retiró por precio.","Ya fue cliente en 2023, se retiró por precio.",trim_unicode_nfc,False,en_gestion,en_gestion,trim_casefold_status,False,2026-08-03,2026-08-03,iso_date,False
74,TRANSPORTES CARIBE AZUL S.A,982752478-1,Alimentos y bebidas,18,1854000000,Bogotá,Bogotá,lista,Lo refirió el gerente de una cuenta actual.,descartado,2026-06-25,75,74,74,trim_unicode_nfc,False,TRANSPORTES CARIBE AZUL S.A,TRANSPORTES CARIBE AZUL S.A,trim_unicode_nfc,False,982752478-1,9827524781,nit_remove_formatting,False,Alimentos y bebidas,alimentos y bebidas,trim_unicode_casefold,False,18,18,nonnegative_decimal,False,1854000000,1854000000,nonnegative_decimal,False,Bogotá,Bogotá,trim_unicode_nfc,False,Bogotá,Centro,explicit_zone_alias,False,lista,lista,trim_unicode_casefold,False,Lo refirió el gerente de una cuenta actual.,Lo refirió el gerente de una cuenta actual.,trim_unicode_nfc,False,descartado,descartado,trim_casefold_status,False,2026-06-25,2026-06-25,iso_date,False
75,Soluciones Yumbo S.A.S.,960815128-3,Construcción,40,1825000000,Soacha,Centro,campaña,Lo refirió el gerente de una cuenta actual.,asignado,2026-05-09,76,75,75,trim_unicode_nfc,False,Soluciones Yumbo S.A.S.,Soluciones Yumbo S.A.S.,trim_unicode_nfc,False,960815128-3,9608151283,nit_remove_formatting,False,Construcción,construcción,trim_unicode_casefold,False,40,40,nonnegative_decimal,False,1825000000,1825000000,nonnegative_decimal,False,Soacha,Soacha,trim_unicode_nfc,False,Centro,Centro,explicit_zone_alias,False,campaña,campaña,trim_unicode_casefold,False,Lo refirió el gerente de una cuenta actual.,Lo refirió el gerente de una cuenta actual.,trim_unicode_nfc,False,asignado,asignado,trim_casefold_status,False,2026-05-09,2026-05-09,iso_date,False
76,Inversiones Chicamocha S.A.S.,910882252-2,Textil,40,2435000000,Villavicencio,Centro,evento,Solicitó información de eficiencia energética para planta nueva.,descartado,2026-06-19,77,76,76,trim_unicode_nfc,False,Inversiones Chicamocha S.A.S.,Inversiones Chicamocha S.A.S.,trim_unicode_nfc,False,910882252-2,9108822522,nit_remove_formatting,False,Textil,textil,trim_unicode_casefold,False,40,40,nonnegative_decimal,False,2435000000,2435000000,nonnegative_decimal,False,Villavicencio,Villavicencio,trim_unicode_nfc,False,Centro,Centro,explicit_zone_alias,False,evento,evento,trim_unicode_casefold,False,Solicitó información de eficiencia energética para planta nueva.,Solicitó información de eficiencia energética para planta nueva.,trim_unicode_nfc,False,descartado,descartado,trim_casefold_status,False,2026-06-19,2026-06-19,iso_date,False
77,Industrias Ecoandes S.A.S.,914134241-4,Manufactura,900,28551000000,Bogotá,CENTRO,evento,,en_gestion,2026-04-29,78,77,77,trim_unicode_nfc,False,Industrias Ecoandes S.A.S.,Industrias Ecoandes S.A.S.,trim_unicode_nfc,False,914134241-4,9141342414,nit_remove_formatting,False,Manufactura,manufactura,trim_unicode_casefold,False,900,900,nonnegative_decimal,False,28551000000,28551000000,nonnegative_decimal,False,Bogotá,Bogotá,trim_unicode_nfc,False,CENTRO,Centro,explicit_zone_alias,False,evento,evento,trim_unicode_casefold,False,,,missing,False,en_gestion,en_gestion,trim_casefold_status,False,2026-04-29,2026-04-29,iso_date,False
78,Constructora Sierra Nevada S. en C.,946773617-4,Servicios profesionales,,36201000000,Bogotá,CENTRO,campaña,Insistió en hablar con alguien senior.,descartado,2026-06-27,79,78,78,trim_unicode_nfc,False,Constructora Sierra Nevada S. en C.,Constructora Sierra Nevada S. en C.,trim_unicode_nfc,False,946773617-4,9467736174,nit_remove_formatting,False,Servicios profesionales,servicios profesionales,trim_unicode_casefold,False,,,missing,False,36201000000,36201000000,nonnegative_decimal,False,Bogotá,Bogotá,trim_unicode_nfc,False,CENTRO,Centro,explicit_zone_alias,False,campaña,campaña,trim_unicode_casefold,False,Insistió en hablar con alguien senior.,Insistió en hablar con alguien senior.,trim_unicode_nfc,False,descartado,descartado,trim_casefold_status,False,2026-06-27,2026-06-27,iso_date,False
79,Transportes Monserrate S.A.S.,972538334-0,Química,650,89131000000,Palmira,occidente,referido,,en_gestion,2026-07-17,80,79,79,trim_unicode_nfc,False,Transportes Monserrate S.A.S.,Transportes Monserrate S.A.S.,trim_unicode_nfc,False,972538334-0,9725383340,nit_remove_formatting,False,Química,química,trim_unicode_casefold,False,650,650,nonnegative_decimal,False,89131000000,89131000000,nonnegative_decimal,False,Palmira,Palmira,trim_unicode_nfc,False,occidente,Occidente,explicit_zone_alias,False,referido,referido,trim_unicode_casefold,False,,,missing,False,en_gestion,en_gestion,trim_casefold_status,False,2026-07-17,2026-07-17,iso_date,False
80,Alimentos Orinoquía S.A.S.,990359054-1,Educación,260,12204000000,Bogotá,Centro,campaña,"Registro cargado desde base comprada, sin validar.",asignado,2026-05-24,81,80,80,trim_unicode_nfc,False,Alimentos Orinoquía S.A.S.,Alimentos Orinoquía S.A.S.,trim_unicode_nfc,False,990359054-1,9903590541,nit_remove_formatting,False,Educación,educación,trim_unicode_casefold,False,260,260,nonnegative_decimal,False,12204000000,12204000000,nonnegative_decimal,False,Bogotá,Bogotá,trim_unicode_nfc,False,Centro,Centro,explicit_zone_alias,False,campaña,campaña,trim_unicode_casefold,False,"Registro cargado desde base comprada, sin validar.","Registro cargado desde base comprada, sin validar.",trim_unicode_nfc,False,asignado,asignado,trim_casefold_status,False,2026-05-24,2026-05-24,iso_date,False
81,Manufacturas Ecoandes S.A.,982012766-4,Alimentos y bebidas,120,4939000000,Medellín,ANT,campaña,"Registro cargado desde base comprada, sin validar.",asignado,2026-04-21,82,81,81,trim_unicode_nfc,False,Manufacturas Ecoandes S.A.,Manufacturas Ecoandes S.A.,trim_unicode_nfc,False,982012766-4,9820127664,nit_remove_formatting,False,Alimentos y bebidas,alimentos y bebidas,trim_unicode_casefold,False,120,120,nonnegative_decimal,False,4939000000,4939000000,nonnegative_decimal,False,Medellín,Medellín,trim_unicode_nfc,False,ANT,Antioquia,explicit_zone_alias,False,campaña,campaña,trim_unicode_casefold,False,"Registro cargado desde base comprada, sin validar.","Registro cargado desde base comprada, sin validar.",trim_unicode_nfc,False,asignado,asignado,trim_casefold_status,False,2026-04-21,2026-04-21,iso_date,False
82,Alimentos Cafetera S.A.S.,965949635-4,Hotelería,18,1398000000,Bucaramanga,centro,web,"Ya fue cliente en 2023, se retiró por precio.",en_gestion,2026-07-22,83,82,82,trim_unicode_nfc,False,Alimentos Cafetera S.A.S.,Alimentos Cafetera S.A.S.,trim_unicode_nfc,False,965949635-4,9659496354,nit_remove_formatting,False,Hotelería,hotelería,trim_unicode_casefold,False,18,18,nonnegative_decimal,False,1398000000,1398000000,nonnegative_decimal,False,Bucaramanga,Bucaramanga,trim_unicode_nfc,False,centro,Centro,explicit_zone_alias,False,web,web,trim_unicode_casefold,False,"Ya fue cliente en 2023, se retiró por precio.","Ya fue cliente en 2023, se retiró por precio.",trim_unicode_nfc,False,en_gestion,en_gestion,trim_casefold_status,False,2026-07-22,2026-07-22,iso_date,False
83,Suministros Zipaquirá S.A.S.,936450465-3,Manufactura,40,915000000,Rionegro,ANT,web,,en_gestion,2026-04-17,84,83,83,trim_unicode_nfc,False,Suministros Zipaquirá S.A.S.,Suministros Zipaquirá S.A.S.,trim_unicode_nfc,False,936450465-3,9364504653,nit_remove_formatting,False,Manufactura,manufactura,trim_unicode_casefold,False,40,40,nonnegative_decimal,False,915000000,915000000,nonnegative_decimal,False,Rionegro,Rionegro,trim_unicode_nfc,False,ANT,Antioquia,explicit_zone_alias,False,web,web,trim_unicode_casefold,False,,,missing,False,en_gestion,en_gestion,trim_casefold_status,False,2026-04-17,2026-04-17,iso_date,False
84,Servicios Monserrate Ltda.,945193289-2,Alimentos y bebidas,120,2524000000,Santa Marta,,lista,Pidió que lo contacte alguien que conozca el sector.,asignado,2026-03-14,85,84,84,trim_unicode_nfc,False,Servicios Monserrate Ltda.,Servicios Monserrate Ltda.,trim_unicode_nfc,False,945193289-2,9451932892,nit_remove_formatting,False,Alimentos y bebidas,alimentos y bebidas,trim_unicode_casefold,False,120,120,nonnegative_decimal,False,2524000000,2524000000,nonnegative_decimal,False,Santa Marta,Santa Marta,trim_unicode_nfc,False,,,missing,False,lista,lista,trim_unicode_casefold,False,Pidió que lo contacte alguien que conozca el sector.,Pidió que lo contacte alguien que conozca el sector.,trim_unicode_nfc,False,asignado,asignado,trim_casefold_status,False,2026-03-14,2026-03-14,iso_date,False
85,Inversiones La Candelaria Ltda.,919263960-0,Alimentos y bebidas,420,43205000000,Chía,centro,referido,Insistió en hablar con alguien senior.,descartado,2026-05-18,86,85,85,trim_unicode_nfc,False,Inversiones La Candelaria Ltda.,Inversiones La Candelaria Ltda.,trim_unicode_nfc,False,919263960-0,9192639600,nit_remove_formatting,False,Alimentos y bebidas,alimentos y bebidas,trim_unicode_casefold,False,420,420,nonnegative_decimal,False,43205000000,43205000000,nonnegative_decimal,False,Chía,Chía,trim_unicode_nfc,False,centro,Centro,explicit_zone_alias,False,referido,referido,trim_unicode_casefold,False,Insistió en hablar con alguien senior.,Insistió en hablar con alguien senior.,trim_unicode_nfc,False,descartado,descartado,trim_casefold_status,False,2026-05-18,2026-05-18,iso_date,False
86,Inversiones La Candelaria S.A.S.,978600755-7,Educación,2100,119627000000,Manizales,occidente,campaña,"Correo rebotado, el celular sí contesta.",en_gestion,2026-03-26,87,86,86,trim_unicode_nfc,False,Inversiones La Candelaria S.A.S.,Inversiones La Candelaria S.A.S.,trim_unicode_nfc,False,978600755-7,9786007557,nit_remove_formatting,False,Educación,educación,trim_unicode_casefold,False,2100,2100,nonnegative_decimal,False,119627000000,119627000000,nonnegative_decimal,False,Manizales,Manizales,trim_unicode_nfc,False,occidente,Occidente,explicit_zone_alias,False,campaña,campaña,trim_unicode_casefold,False,"Correo rebotado, el celular sí contesta.","Correo rebotado, el celular sí contesta.",trim_unicode_nfc,False,en_gestion,en_gestion,trim_casefold_status,False,2026-03-26,2026-03-26,iso_date,False
87,Industrias Vallecaucana Ltda.,969895770-3,Tecnología,2100,57883000000,Rionegro,Antioquia,evento,Solicitó información de eficiencia energética para planta nueva.,en_gestion,2026-09-04,88,87,87,trim_unicode_nfc,False,Industrias Vallecaucana Ltda.,Industrias Vallecaucana Ltda.,trim_unicode_nfc,False,969895770-3,9698957703,nit_remove_formatting,False,Tecnología,tecnología,trim_unicode_casefold,False,2100,2100,nonnegative_decimal,False,57883000000,57883000000,nonnegative_decimal,False,Rionegro,Rionegro,trim_unicode_nfc,False,Antioquia,Antioquia,explicit_zone_alias,False,evento,evento,trim_unicode_casefold,False,Solicitó información de eficiencia energética para planta nueva.,Solicitó información de eficiencia energética para planta nueva.,trim_unicode_nfc,False,en_gestion,en_gestion,trim_casefold_status,False,2026-09-04,2026-09-04,iso_date,False
88,Manufacturas El Dorado Ltda.,993978250-2,Hotelería,40,707000000,Rionegro,antioquia,lista,,asignado,2026-03-04,89,88,88,trim_unicode_nfc,False,Manufacturas El Dorado Ltda.,Manufacturas El Dorado Ltda.,trim_unicode_nfc,False,993978250-2,9939782502,nit_remove_formatting,False,Hotelería,hotelería,trim_unicode_casefold,False,40,40,nonnegative_decimal,False,707000000,707000000,nonnegative_decimal,False,Rionegro,Rionegro,trim_unicode_nfc,False,antioquia,Antioquia,explicit_zone_alias,False,lista,lista,trim_unicode_casefold,False,,,missing,False,asignado,asignado,trim_casefold_status,False,2026-03-04,2026-03-04,iso_date,False
89,Manufacturas Sierra Nevada S.A.S.,900279262-9,Inmobiliario,8,,Medellín,antioquia,web,,en_gestion,2026-05-06,90,89,89,trim_unicode_nfc,False,Manufacturas Sierra Nevada S.A.S.,Manufacturas Sierra Nevada S.A.S.,trim_unicode_nfc,False,900279262-9,9002792629,nit_remove_formatting,False,Inmobiliario,inmobiliario,trim_unicode_casefold,False,8,8,nonnegative_decimal,False,,,missing,False,Medellín,Medellín,trim_unicode_nfc,False,antioquia,Antioquia,explicit_zone_alias,False,web,web,trim_unicode_casefold,False,,,missing,False,en_gestion,en_gestion,trim_casefold_status,False,2026-05-06,2026-05-06,iso_date,False
90,Grupo Orinoquía S.A.,963999435-4,Hotelería,180,13205000000,Bucaramanga,Centro,lista,,en_gestion,2026-06-11,91,90,90,trim_unicode_nfc,False,Grupo Orinoquía S.A.,Grupo Orinoquía S.A.,trim_unicode_nfc,False,963999435-4,9639994354,nit_remove_formatting,False,Hotelería,hotelería,trim_unicode_casefold,False,180,180,nonnegative_decimal,False,13205000000,13205000000,nonnegative_decimal,False,Bucaramanga,Bucaramanga,trim_unicode_nfc,False,Centro,Centro,explicit_zone_alias,False,lista,lista,trim_unicode_casefold,False,,,missing,False,en_gestion,en_gestion,trim_casefold_status,False,2026-06-11,2026-06-11,iso_date,False
91,Alimentos Zipaquirá Ltda.,966078490-1,Retail,180,7472000000,Soacha,Centro,web,,asignado,2026-04-20,92,91,91,trim_unicode_nfc,False,Alimentos Zipaquirá Ltda.,Alimentos Zipaquirá Ltda.,trim_unicode_nfc,False,966078490-1,9660784901,nit_remove_formatting,False,Retail,retail,trim_unicode_casefold,False,180,180,nonnegative_decimal,False,7472000000,7472000000,nonnegative_decimal,False,Soacha,Soacha,trim_unicode_nfc,False,Centro,Centro,explicit_zone_alias,False,web,web,trim_unicode_casefold,False,,,missing,False,asignado,asignado,trim_casefold_status,False,2026-04-20,2026-04-20,iso_date,False
92,Inversiones Yumbo S.A.S.,917102092-9,Transporte y logística,650,30202000000,Villavicencio,Centro,lista,Solicitó información de eficiencia energética para planta nueva.,en_gestion,2026-07-21,93,92,92,trim_unicode_nfc,False,Inversiones Yumbo S.A.S.,Inversiones Yumbo S.A.S.,trim_unicode_nfc,False,917102092-9,9171020929,nit_remove_formatting,False,Transporte y logística,transporte y logística,trim_unicode_casefold,False,650,650,nonnegative_decimal,False,30202000000,30202000000,nonnegative_decimal,False,Villavicencio,Villavicencio,trim_unicode_nfc,False,Centro,Centro,explicit_zone_alias,False,lista,lista,trim_unicode_casefold,False,Solicitó información de eficiencia energética para planta nueva.,Solicitó información de eficiencia energética para planta nueva.,trim_unicode_nfc,False,en_gestion,en_gestion,trim_casefold_status,False,2026-07-21,2026-07-21,iso_date,False
93,Textiles Orinoquía S.A.S.,900336827-8,Transporte y logística,,1969000000,Sincelejo,Costa,web,,asignado,2026-02-26,94,93,93,trim_unicode_nfc,False,Textiles Orinoquía S.A.S.,Textiles Orinoquía S.A.S.,trim_unicode_nfc,False,900336827-8,9003368278,nit_remove_formatting,False,Transporte y logística,transporte y logística,trim_unicode_casefold,False,,,missing,False,1969000000,1969000000,nonnegative_decimal,False,Sincelejo,Sincelejo,trim_unicode_nfc,False,Costa,Costa,explicit_zone_alias,False,web,web,trim_unicode_casefold,False,,,missing,False,asignado,asignado,trim_casefold_status,False,2026-02-26,2026-02-26,iso_date,False
94,Servicios San Rafael S.A.,941520042-4,Metalmecánica,1400,46324000000,Barranquilla,Costa,evento,"Registro cargado desde base comprada, sin validar.",descartado,2026-04-16,95,94,94,trim_unicode_nfc,False,Servicios San Rafael S.A.,Servicios San Rafael S.A.,trim_unicode_nfc,False,941520042-4,9415200424,nit_remove_formatting,False,Metalmecánica,metalmecánica,trim_unicode_casefold,False,1400,1400,nonnegative_decimal,False,46324000000,46324000000,nonnegative_decimal,False,Barranquilla,Barranquilla,trim_unicode_nfc,False,Costa,Costa,explicit_zone_alias,False,evento,evento,trim_unicode_casefold,False,"Registro cargado desde base comprada, sin validar.","Registro cargado desde base comprada, sin validar.",trim_unicode_nfc,False,descartado,descartado,trim_casefold_status,False,2026-04-16,2026-04-16,iso_date,False
95,Textiles El Dorado Ltda.,924283969-3,Minería,80,4934000000,Cali,occidente,lista,,descartado,2026-02-21,96,95,95,trim_unicode_nfc,False,Textiles El Dorado Ltda.,Textiles El Dorado Ltda.,trim_unicode_nfc,False,924283969-3,9242839693,nit_remove_formatting,False,Minería,minería,trim_unicode_casefold,False,80,80,nonnegative_decimal,False,4934000000,4934000000,nonnegative_decimal,False,Cali,Cali,trim_unicode_nfc,False,occidente,Occidente,explicit_zone_alias,False,lista,lista,trim_unicode_casefold,False,,,missing,False,descartado,descartado,trim_casefold_status,False,2026-02-21,2026-02-21,iso_date,False
96,Agropecuaria Puerto Colombia S.A.S.,949451898-8,Transporte y logística,900,62155000000,Soacha,Bogotá,referido,,asignado,2026-03-11,97,96,96,trim_unicode_nfc,False,Agropecuaria Puerto Colombia S.A.S.,Agropecuaria Puerto Colombia S.A.S.,trim_unicode_nfc,False,949451898-8,9494518988,nit_remove_formatting,False,Transporte y logística,transporte y logística,trim_unicode_casefold,False,900,900,nonnegative_decimal,False,62155000000,62155000000,nonnegative_decimal,False,Soacha,Soacha,trim_unicode_nfc,False,Bogotá,Centro,explicit_zone_alias,False,referido,referido,trim_unicode_casefold,False,,,missing,False,asignado,asignado,trim_casefold_status,False,2026-03-11,2026-03-11,iso_date,False
97,Comercializadora Los Nevados S.A.S.,900056638-8,,900,45271000000,Itagüí,ANT,evento,"Está comparando tres propuestas, decide este mes.",en_gestion,2026-09-05,98,97,97,trim_unicode_nfc,False,Comercializadora Los Nevados S.A.S.,Comercializadora Los Nevados S.A.S.,trim_unicode_nfc,False,900056638-8,9000566388,nit_remove_formatting,False,,,missing,False,900,900,nonnegative_decimal,False,45271000000,45271000000,nonnegative_decimal,False,Itagüí,Itagüí,trim_unicode_nfc,False,ANT,Antioquia,explicit_zone_alias,False,evento,evento,trim_unicode_casefold,False,"Está comparando tres propuestas, decide este mes.","Está comparando tres propuestas, decide este mes.",trim_unicode_nfc,False,en_gestion,en_gestion,trim_casefold_status,False,2026-09-05,2026-09-05,iso_date,False
98,Textiles Caribe Azul Ltda.,941745027-1,Educación,18,2044000000,Montería,Costa,referido,Lo refirió el gerente de una cuenta actual.,en_gestion,2026-07-08,99,98,98,trim_unicode_nfc,False,Textiles Caribe Azul Ltda.,Textiles Caribe Azul Ltda.,trim_unicode_nfc,False,941745027-1,9417450271,nit_remove_formatting,False,Educación,educación,trim_unicode_casefold,False,18,18,nonnegative_decimal,False,2044000000,2044000000,nonnegative_decimal,False,Montería,Montería,trim_unicode_nfc,False,Costa,Costa,explicit_zone_alias,False,referido,referido,trim_unicode_casefold,False,Lo refirió el gerente de una cuenta actual.,Lo refirió el gerente de una cuenta actual.,trim_unicode_nfc,False,en_gestion,en_gestion,trim_casefold_status,False,2026-07-08,2026-07-08,iso_date,False
99,Suministros Magdalena Ltda.,929162683-9,Tecnología,2100,55820000000,Sincelejo,costa,lista,"Empresa familiar, decide el dueño directamente.",en_gestion,2026-05-28,100,99,99,trim_unicode_nfc,False,Suministros Magdalena Ltda.,Suministros Magdalena Ltda.,trim_unicode_nfc,False,929162683-9,9291626839,nit_remove_formatting,False,Tecnología,tecnología,trim_unicode_casefold,False,2100,2100,nonnegative_decimal,False,55820000000,55820000000,nonnegative_decimal,False,Sincelejo,Sincelejo,trim_unicode_nfc,False,costa,Costa,explicit_zone_alias,False,lista,lista,trim_unicode_casefold,False,"Empresa familiar, decide el dueño directamente.","Empresa familiar, decide el dueño directamente.",trim_unicode_nfc,False,en_gestion,en_gestion,trim_casefold_status,False,2026-05-28,2026-05-28,iso_date,False
100,Logística Guadalupe S. en C.,916669777-8,Hotelería,420,46385000000,Cúcuta,Bogotá,referido,Ya lo contactamos en marzo y pidió que no insistiéramos.,en_gestion,2026-07-03,101,100,100,trim_unicode_nfc,False,Logística Guadalupe S. en C.,Logística Guadalupe S. en C.,trim_unicode_nfc,False,916669777-8,9166697778,nit_remove_formatting,False,Hotelería,hotelería,trim_unicode_casefold,False,420,420,nonnegative_decimal,False,46385000000,46385000000,nonnegative_decimal,False,Cúcuta,Cúcuta,trim_unicode_nfc,False,Bogotá,Centro,explicit_zone_alias,False,referido,referido,trim_unicode_casefold,False,Ya lo contactamos en marzo y pidió que no insistiéramos.,Ya lo contactamos en marzo y pidió que no insistiéramos.,trim_unicode_nfc,False,en_gestion,en_gestion,trim_casefold_status,False,2026-07-03,2026-07-03,iso_date,False
101,Industrias Bolívar S. en C.,920906822-1,Minería,18,942000000,Rionegro,Antioquia,referido,,en_gestion,2026-07-25,102,101,101,trim_unicode_nfc,False,Industrias Bolívar S. en C.,Industrias Bolívar S. en C.,trim_unicode_nfc,False,920906822-1,9209068221,nit_remove_formatting,False,Minería,minería,trim_unicode_casefold,False,18,18,nonnegative_decimal,False,942000000,942000000,nonnegative_decimal,False,Rionegro,Rionegro,trim_unicode_nfc,False,Antioquia,Antioquia,explicit_zone_alias,False,referido,referido,trim_unicode_casefold,False,,,missing,False,en_gestion,en_gestion,trim_casefold_status,False,2026-07-25,2026-07-25,iso_date,False
102,Textiles Antares Ltda.,959789675-3,Alimentos y bebidas,900,80629000000,Bogotá,Centro,web,,asignado,2026-02-22,103,102,102,trim_unicode_nfc,False,Textiles Antares Ltda.,Textiles Antares Ltda.,trim_unicode_nfc,False,959789675-3,9597896753,nit_remove_formatting,False,Alimentos y bebidas,alimentos y bebidas,trim_unicode_casefold,False,900,900,nonnegative_decimal,False,80629000000,80629000000,nonnegative_decimal,False,Bogotá,Bogotá,trim_unicode_nfc,False,Centro,Centro,explicit_zone_alias,False,web,web,trim_unicode_casefold,False,,,missing,False,asignado,asignado,trim_casefold_status,False,2026-02-22,2026-02-22,iso_date,False
103,Agropecuaria Antares S. en C.,972053858-6,Metalmecánica,180,3347000000,Bogotá,Centro,referido,"Empresa familiar, decide el dueño directamente.",descartado,2026-09-15,104,103,103,trim_unicode_nfc,False,Agropecuaria Antares S. en C.,Agropecuaria Antares S. en C.,trim_unicode_nfc,False,972053858-6,9720538586,nit_remove_formatting,False,Metalmecánica,metalmecánica,trim_unicode_casefold,False,180,180,nonnegative_decimal,False,3347000000,3347000000,nonnegative_decimal,False,Bogotá,Bogotá,trim_unicode_nfc,False,Centro,Centro,explicit_zone_alias,False,referido,referido,trim_unicode_casefold,False,"Empresa familiar, decide el dueño directamente.","Empresa familiar, decide el dueño directamente.",trim_unicode_nfc,False,descartado,descartado,trim_casefold_status,False,2026-09-15,2026-09-15,iso_date,False
104,Servicios Girardot S. en C.,972742379-1,Química,420,68852000000,Soacha,CENTRO,referido,"Ya fue cliente en 2023, se retiró por precio.",en_gestion,2026-05-20,105,104,104,trim_unicode_nfc,False,Servicios Girardot S. en C.,Servicios Girardot S. en C.,trim_unicode_nfc,False,972742379-1,9727423791,nit_remove_formatting,False,Química,química,trim_unicode_casefold,False,420,420,nonnegative_decimal,False,68852000000,68852000000,nonnegative_decimal,False,Soacha,Soacha,trim_unicode_nfc,False,CENTRO,Centro,explicit_zone_alias,False,referido,referido,trim_unicode_casefold,False,"Ya fue cliente en 2023, se retiró por precio.","Ya fue cliente en 2023, se retiró por precio.",trim_unicode_nfc,False,en_gestion,en_gestion,trim_casefold_status,False,2026-05-20,2026-05-20,iso_date,False
105,Inversiones Bolívar S.A.S.,932572565-2,Química,1400,83103000000,Palmira,,campaña,Ya lo contactamos en marzo y pidió que no insistiéramos.,asignado,2026-05-14,106,105,105,trim_unicode_nfc,False,Inversiones Bolívar S.A.S.,Inversiones Bolívar S.A.S.,trim_unicode_nfc,False,932572565-2,9325725652,nit_remove_formatting,False,Química,química,trim_unicode_casefold,False,1400,1400,nonnegative_decimal,False,83103000000,83103000000,nonnegative_decimal,False,Palmira,Palmira,trim_unicode_nfc,False,,,missing,False,campaña,campaña,trim_unicode_casefold,False,Ya lo contactamos en marzo y pidió que no insistiéramos.,Ya lo contactamos en marzo y pidió que no insistiéramos.,trim_unicode_nfc,False,asignado,asignado,trim_casefold_status,False,2026-05-14,2026-05-14,iso_date,False
106,Grupo San Rafael S.A.S.,907367225-1,Manufactura,12,537000000,Cartagena,Costa,campaña,Pidió que lo contacte alguien que conozca el sector.,asignado,2026-04-15,107,106,106,trim_unicode_nfc,False,Grupo San Rafael S.A.S.,Grupo San Rafael S.A.S.,trim_unicode_nfc,False,907367225-1,9073672251,nit_remove_formatting,False,Manufactura,manufactura,trim_unicode_casefold,False,12,12,nonnegative_decimal,False,537000000,537000000,nonnegative_decimal,False,Cartagena,Cartagena,trim_unicode_nfc,False,Costa,Costa,explicit_zone_alias,False,campaña,campaña,trim_unicode_casefold,False,Pidió que lo contacte alguien que conozca el sector.,Pidió que lo contacte alguien que conozca el sector.,trim_unicode_nfc,False,asignado,asignado,trim_casefold_status,False,2026-04-15,2026-04-15,iso_date,False
107,Comercializadora Los Nevados S. en C.,936415437-0,Manufactura,180,16719000000,Chía,CENTRO,evento,"Correo rebotado, el celular sí contesta.",en_gestion,2026-07-26,108,107,107,trim_unicode_nfc,False,Comercializadora Los Nevados S. en C.,Comercializadora Los Nevados S. en C.,trim_unicode_nfc,False,936415437-0,9364154370,nit_remove_formatting,False,Manufactura,manufactura,trim_unicode_casefold,False,180,180,nonnegative_decimal,False,16719000000,16719000000,nonnegative_decimal,False,Chía,Chía,trim_unicode_nfc,False,CENTRO,Centro,explicit_zone_alias,False,evento,evento,trim_unicode_casefold,False,"Correo rebotado, el celular sí contesta.","Correo rebotado, el celular sí contesta.",trim_unicode_nfc,False,en_gestion,en_gestion,trim_casefold_status,False,2026-07-26,2026-07-26,iso_date,False
108,Industrias Cafetera S.A.,952788450-5,Metalmecánica,420,29833000000,Rionegro,antioquia,lista,"Empresa familiar, decide el dueño directamente.",asignado,2026-07-20,109,108,108,trim_unicode_nfc,False,Industrias Cafetera S.A.,Industrias Cafetera S.A.,trim_unicode_nfc,False,952788450-5,9527884505,nit_remove_formatting,False,Metalmecánica,metalmecánica,trim_unicode_casefold,False,420,420,nonnegative_decimal,False,29833000000,29833000000,nonnegative_decimal,False,Rionegro,Rionegro,trim_unicode_nfc,False,antioquia,Antioquia,explicit_zone_alias,False,lista,lista,trim_unicode_casefold,False,"Empresa familiar, decide el dueño directamente.","Empresa familiar, decide el dueño directamente.",trim_unicode_nfc,False,asignado,asignado,trim_casefold_status,False,2026-07-20,2026-07-20,iso_date,False
109,Comercializadora Pacífico Sur Ltda.,986846771-0,Educación,8,308000000,Cali,occidente,evento,Solicitó información de eficiencia energética para planta nueva.,descartado,2026-04-05,110,109,109,trim_unicode_nfc,False,Comercializadora Pacífico Sur Ltda.,Comercializadora Pacífico Sur Ltda.,trim_unicode_nfc,False,986846771-0,9868467710,nit_remove_formatting,False,Educación,educación,trim_unicode_casefold,False,8,8,nonnegative_decimal,False,308000000,308000000,nonnegative_decimal,False,Cali,Cali,trim_unicode_nfc,False,occidente,Occidente,explicit_zone_alias,False,evento,evento,trim_unicode_casefold,False,Solicitó información de eficiencia energética para planta nueva.,Solicitó información de eficiencia energética para planta nueva.,trim_unicode_nfc,False,descartado,descartado,trim_casefold_status,False,2026-04-05,2026-04-05,iso_date,False
110,Alimentos Los Nevados Ltda.,982194405-8,Educación,260,3487000000,Tunja,Centro,evento,,en_gestion,2026-05-27,111,110,110,trim_unicode_nfc,False,Alimentos Los Nevados Ltda.,Alimentos Los Nevados Ltda.,trim_unicode_nfc,False,982194405-8,9821944058,nit_remove_formatting,False,Educación,educación,trim_unicode_casefold,False,260,260,nonnegative_decimal,False,3487000000,3487000000,nonnegative_decimal,False,Tunja,Tunja,trim_unicode_nfc,False,Centro,Centro,explicit_zone_alias,False,evento,evento,trim_unicode_casefold,False,,,missing,False,en_gestion,en_gestion,trim_casefold_status,False,2026-05-27,2026-05-27,iso_date,False
111,Agropecuaria El Poblado S.A.S.,927172033-0,Hotelería,,16334000000,Bogotá,Centro,referido,Pidió que lo contacte alguien que conozca el sector.,en_gestion,2026-05-12,112,111,111,trim_unicode_nfc,False,Agropecuaria El Poblado S.A.S.,Agropecuaria El Poblado S.A.S.,trim_unicode_nfc,False,927172033-0,9271720330,nit_remove_formatting,False,Hotelería,hotelería,trim_unicode_casefold,False,,,missing,False,16334000000,16334000000,nonnegative_decimal,False,Bogotá,Bogotá,trim_unicode_nfc,False,Centro,Centro,explicit_zone_alias,False,referido,referido,trim_unicode_casefold,False,Pidió que lo contacte alguien que conozca el sector.,Pidió que lo contacte alguien que conozca el sector.,trim_unicode_nfc,False,en_gestion,en_gestion,trim_casefold_status,False,2026-05-12,2026-05-12,iso_date,False
112,Textiles Magdalena S. en C.,901393687-7,Retail,650,60811000000,Tunja,Bogotá,campaña,Llamar únicamente después de las 2 pm.,asignado,2026-04-17,113,112,112,trim_unicode_nfc,False,Textiles Magdalena S. en C.,Textiles Magdalena S. en C.,trim_unicode_nfc,False,901393687-7,9013936877,nit_remove_formatting,False,Retail,retail,trim_unicode_casefold,False,650,650,nonnegative_decimal,False,60811000000,60811000000,nonnegative_decimal,False,Tunja,Tunja,trim_unicode_nfc,False,Bogotá,Centro,explicit_zone_alias,False,campaña,campaña,trim_unicode_casefold,False,Llamar únicamente después de las 2 pm.,Llamar únicamente después de las 2 pm.,trim_unicode_nfc,False,asignado,asignado,trim_casefold_status,False,2026-04-17,2026-04-17,iso_date,False
113,Servicios La Candelaria S. en C.,900119703-7,Transporte y logística,2100,82301000000,Pereira,Occidente,campaña,Pidió que lo contacte alguien que conozca el sector.,asignado,2026-07-13,114,113,113,trim_unicode_nfc,False,Servicios La Candelaria S. en C.,Servicios La Candelaria S. en C.,trim_unicode_nfc,False,900119703-7,9001197037,nit_remove_formatting,False,Transporte y logística,transporte y logística,trim_unicode_casefold,False,2100,2100,nonnegative_decimal,False,82301000000,82301000000,nonnegative_decimal,False,Pereira,Pereira,trim_unicode_nfc,False,Occidente,Occidente,explicit_zone_alias,False,campaña,campaña,trim_unicode_casefold,False,Pidió que lo contacte alguien que conozca el sector.,Pidió que lo contacte alguien que conozca el sector.,trim_unicode_nfc,False,asignado,asignado,trim_casefold_status,False,2026-07-13,2026-07-13,iso_date,False
114,Comercializadora Zipaquirá Ltda.,989306479-6,Manufactura,420,89717000000,Medellín,Antioquia,lista,"Registro cargado desde base comprada, sin validar.",asignado,2026-04-15,115,114,114,trim_unicode_nfc,False,Comercializadora Zipaquirá Ltda.,Comercializadora Zipaquirá Ltda.,trim_unicode_nfc,False,989306479-6,9893064796,nit_remove_formatting,False,Manufactura,manufactura,trim_unicode_casefold,False,420,420,nonnegative_decimal,False,89717000000,89717000000,nonnegative_decimal,False,Medellín,Medellín,trim_unicode_nfc,False,Antioquia,Antioquia,explicit_zone_alias,False,lista,lista,trim_unicode_casefold,False,"Registro cargado desde base comprada, sin validar.","Registro cargado desde base comprada, sin validar.",trim_unicode_nfc,False,asignado,asignado,trim_casefold_status,False,2026-04-15,2026-04-15,iso_date,False
115,Alimentos La Candelaria S.A.S.,950019483-0,Educación,260,15257000000,Manizales,Occidente,lista,"Quiere propuesta para siete sedes, no para una.",en_gestion,2026-07-07,116,115,115,trim_unicode_nfc,False,Alimentos La Candelaria S.A.S.,Alimentos La Candelaria S.A.S.,trim_unicode_nfc,False,950019483-0,9500194830,nit_remove_formatting,False,Educación,educación,trim_unicode_casefold,False,260,260,nonnegative_decimal,False,15257000000,15257000000,nonnegative_decimal,False,Manizales,Manizales,trim_unicode_nfc,False,Occidente,Occidente,explicit_zone_alias,False,lista,lista,trim_unicode_casefold,False,"Quiere propuesta para siete sedes, no para una.","Quiere propuesta para siete sedes, no para una.",trim_unicode_nfc,False,en_gestion,en_gestion,trim_casefold_status,False,2026-07-07,2026-07-07,iso_date,False
116,Constructora Pacífico Sur Ltda.,968312507-4,Metalmecánica,180,15752000000,Armenia,occidente,campaña,"Quiere propuesta para siete sedes, no para una.",en_gestion,2026-06-15,117,116,116,trim_unicode_nfc,False,Constructora Pacífico Sur Ltda.,Constructora Pacífico Sur Ltda.,trim_unicode_nfc,False,968312507-4,9683125074,nit_remove_formatting,False,Metalmecánica,metalmecánica,trim_unicode_casefold,False,180,180,nonnegative_decimal,False,15752000000,15752000000,nonnegative_decimal,False,Armenia,Armenia,trim_unicode_nfc,False,occidente,Occidente,explicit_zone_alias,False,campaña,campaña,trim_unicode_casefold,False,"Quiere propuesta para siete sedes, no para una.","Quiere propuesta para siete sedes, no para una.",trim_unicode_nfc,False,en_gestion,en_gestion,trim_casefold_status,False,2026-06-15,2026-06-15,iso_date,False
117,Inversiones Zipaquirá S. en C.,963341883-9,Educación,420,100510000000,Bogotá,Centro,evento,"Ya fue cliente en 2023, se retiró por precio.",en_gestion,2026-06-20,118,117,117,trim_unicode_nfc,False,Inversiones Zipaquirá S. en C.,Inversiones Zipaquirá S. en C.,trim_unicode_nfc,False,963341883-9,9633418839,nit_remove_formatting,False,Educación,educación,trim_unicode_casefold,False,420,420,nonnegative_decimal,False,100510000000,100510000000,nonnegative_decimal,False,Bogotá,Bogotá,trim_unicode_nfc,False,Centro,Centro,explicit_zone_alias,False,evento,evento,trim_unicode_casefold,False,"Ya fue cliente en 2023, se retiró por precio.","Ya fue cliente en 2023, se retiró por precio.",trim_unicode_nfc,False,en_gestion,en_gestion,trim_casefold_status,False,2026-06-20,2026-06-20,iso_date,False
118,Transportes Sierra Nevada S.A.,971102444-4,Minería,40,2358000000,Cali,Occidente ,evento,"Registro cargado desde base comprada, sin validar.",descartado,2026-09-11,119,118,118,trim_unicode_nfc,False,Transportes Sierra Nevada S.A.,Transportes Sierra Nevada S.A.,trim_unicode_nfc,False,971102444-4,9711024444,nit_remove_formatting,False,Minería,minería,trim_unicode_casefold,False,40,40,nonnegative_decimal,False,2358000000,2358000000,nonnegative_decimal,False,Cali,Cali,trim_unicode_nfc,False,Occidente ,Occidente,explicit_zone_alias,False,evento,evento,trim_unicode_casefold,False,"Registro cargado desde base comprada, sin validar.","Registro cargado desde base comprada, sin validar.",trim_unicode_nfc,False,descartado,descartado,trim_casefold_status,False,2026-09-11,2026-09-11,iso_date,False
119,Grupo Antares S.A.S.,976547797-8,,260,12371000000,Bogotá,CENTRO,web,Solicitó información de eficiencia energética para planta nueva.,en_gestion,2026-07-20,120,119,119,trim_unicode_nfc,False,Grupo Antares S.A.S.,Grupo Antares S.A.S.,trim_unicode_nfc,False,976547797-8,9765477978,nit_remove_formatting,False,,,missing,False,260,260,nonnegative_decimal,False,12371000000,12371000000,nonnegative_decimal,False,Bogotá,Bogotá,trim_unicode_nfc,False,CENTRO,Centro,explicit_zone_alias,False,web,web,trim_unicode_casefold,False,Solicitó información de eficiencia energética para planta nueva.,Solicitó información de eficiencia energética para planta nueva.,trim_unicode_nfc,False,en_gestion,en_gestion,trim_casefold_status,False,2026-07-20,2026-07-20,iso_date,False
120,Agropecuaria Yumbo S.A.S.,919131181-2,Tecnología,18,2079000000,Rionegro,antioquia,campaña,"Dejó los datos en el stand de la feria, mostró poco interés.",asignado,2026-03-17,121,120,120,trim_unicode_nfc,False,Agropecuaria Yumbo S.A.S.,Agropecuaria Yumbo S.A.S.,trim_unicode_nfc,False,919131181-2,9191311812,nit_remove_formatting,False,Tecnología,tecnología,trim_unicode_casefold,False,18,18,nonnegative_decimal,False,2079000000,2079000000,nonnegative_decimal,False,Rionegro,Rionegro,trim_unicode_nfc,False,antioquia,Antioquia,explicit_zone_alias,False,campaña,campaña,trim_unicode_casefold,False,"Dejó los datos en el stand de la feria, mostró poco interés.","Dejó los datos en el stand de la feria, mostró poco interés.",trim_unicode_nfc,False,asignado,asignado,trim_casefold_status,False,2026-03-17,2026-03-17,iso_date,False
121,Grupo Las Palmas S.A.S.,972071238-3,Alimentos y bebidas,18,974000000,Palmira,Occidente ,referido,"Dejó los datos en el stand de la feria, mostró poco interés.",en_gestion,2026-03-03,122,121,121,trim_unicode_nfc,False,Grupo Las Palmas S.A.S.,Grupo Las Palmas S.A.S.,trim_unicode_nfc,False,972071238-3,9720712383,nit_remove_formatting,False,Alimentos y bebidas,alimentos y bebidas,trim_unicode_casefold,False,18,18,nonnegative_decimal,False,974000000,974000000,nonnegative_decimal,False,Palmira,Palmira,trim_unicode_nfc,False,Occidente ,Occidente,explicit_zone_alias,False,referido,referido,trim_unicode_casefold,False,"Dejó los datos en el stand de la feria, mostró poco interés.","Dejó los datos en el stand de la feria, mostró poco interés.",trim_unicode_nfc,False,en_gestion,en_gestion,trim_casefold_status,False,2026-03-03,2026-03-03,iso_date,False
122,Alimentos Andina S.A.S.,921477628-1,Química,12,,Bogotá,Bogotá,lista,Insistió en hablar con alguien senior.,en_gestion,2026-04-20,123,122,122,trim_unicode_nfc,False,Alimentos Andina S.A.S.,Alimentos Andina S.A.S.,trim_unicode_nfc,False,921477628-1,9214776281,nit_remove_formatting,False,Química,química,trim_unicode_casefold,False,12,12,nonnegative_decimal,False,,,missing,False,Bogotá,Bogotá,trim_unicode_nfc,False,Bogotá,Centro,explicit_zone_alias,False,lista,lista,trim_unicode_casefold,False,Insistió en hablar con alguien senior.,Insistió en hablar con alguien senior.,trim_unicode_nfc,False,en_gestion,en_gestion,trim_casefold_status,False,2026-04-20,2026-04-20,iso_date,False
123,Distribuidora Los Nevados S.A.,943295347-6,Química,180,5286000000,Itagüí,Antioquia,referido,Lo refirió el gerente de una cuenta actual.,en_gestion,2026-04-04,124,123,123,trim_unicode_nfc,False,Distribuidora Los Nevados S.A.,Distribuidora Los Nevados S.A.,trim_unicode_nfc,False,943295347-6,9432953476,nit_remove_formatting,False,Química,química,trim_unicode_casefold,False,180,180,nonnegative_decimal,False,5286000000,5286000000,nonnegative_decimal,False,Itagüí,Itagüí,trim_unicode_nfc,False,Antioquia,Antioquia,explicit_zone_alias,False,referido,referido,trim_unicode_casefold,False,Lo refirió el gerente de una cuenta actual.,Lo refirió el gerente de una cuenta actual.,trim_unicode_nfc,False,en_gestion,en_gestion,trim_casefold_status,False,2026-04-04,2026-04-04,iso_date,False
124,Transportes Santa Bárbara Ltda.,976366939-4,Metalmecánica,650,36256000000,Tunja,Centro,referido,Solicitó información de eficiencia energética para planta nueva.,asignado,2026-03-06,125,124,124,trim_unicode_nfc,False,Transportes Santa Bárbara Ltda.,Transportes Santa Bárbara Ltda.,trim_unicode_nfc,False,976366939-4,9763669394,nit_remove_formatting,False,Metalmecánica,metalmecánica,trim_unicode_casefold,False,650,650,nonnegative_decimal,False,36256000000,36256000000,nonnegative_decimal,False,Tunja,Tunja,trim_unicode_nfc,False,Centro,Centro,explicit_zone_alias,False,referido,referido,trim_unicode_casefold,False,Solicitó información de eficiencia energética para planta nueva.,Solicitó información de eficiencia energética para planta nueva.,trim_unicode_nfc,False,asignado,asignado,trim_casefold_status,False,2026-03-06,2026-03-06,iso_date,False
125,Agropecuaria del Caribe S.A.S.,912615590-2,Construcción,260,13872000000,Santa Marta,Costa,evento,Tiene contrato vigente con otro proveedor hasta diciembre.,asignado,2026-06-18,126,125,125,trim_unicode_nfc,False,Agropecuaria del Caribe S.A.S.,Agropecuaria del Caribe S.A.S.,trim_unicode_nfc,False,912615590-2,9126155902,nit_remove_formatting,False,Construcción,construcción,trim_unicode_casefold,False,260,260,nonnegative_decimal,False,13872000000,13872000000,nonnegative_decimal,False,Santa Marta,Santa Marta,trim_unicode_nfc,False,Costa,Costa,explicit_zone_alias,False,evento,evento,trim_unicode_casefold,False,Tiene contrato vigente con otro proveedor hasta diciembre.,Tiene contrato vigente con otro proveedor hasta diciembre.,trim_unicode_nfc,False,asignado,asignado,trim_casefold_status,False,2026-06-18,2026-06-18,iso_date,False
126,Grupo Antares Ltda.,984431371-4,Manufactura,18,2078000000,Barranquilla,Costa,web,Ya lo contactamos en marzo y pidió que no insistiéramos.,asignado,2026-04-09,127,126,126,trim_unicode_nfc,False,Grupo Antares Ltda.,Grupo Antares Ltda.,trim_unicode_nfc,False,984431371-4,9844313714,nit_remove_formatting,False,Manufactura,manufactura,trim_unicode_casefold,False,18,18,nonnegative_decimal,False,2078000000,2078000000,nonnegative_decimal,False,Barranquilla,Barranquilla,trim_unicode_nfc,False,Costa,Costa,explicit_zone_alias,False,web,web,trim_unicode_casefold,False,Ya lo contactamos en marzo y pidió que no insistiéramos.,Ya lo contactamos en marzo y pidió que no insistiéramos.,trim_unicode_nfc,False,asignado,asignado,trim_casefold_status,False,2026-04-09,2026-04-09,iso_date,False
127,Industrias Vallecaucana S.A.S.,974404912-3,Agroindustria,8,1164000000,Barranquilla,COSTA,lista,,descartado,2026-07-23,128,127,127,trim_unicode_nfc,False,Industrias Vallecaucana S.A.S.,Industrias Vallecaucana S.A.S.,trim_unicode_nfc,False,974404912-3,9744049123,nit_remove_formatting,False,Agroindustria,agroindustria,trim_unicode_casefold,False,8,8,nonnegative_decimal,False,1164000000,1164000000,nonnegative_decimal,False,Barranquilla,Barranquilla,trim_unicode_nfc,False,COSTA,Costa,explicit_zone_alias,False,lista,lista,trim_unicode_casefold,False,,,missing,False,descartado,descartado,trim_casefold_status,False,2026-07-23,2026-07-23,iso_date,False
128,Manufacturas Puerto Colombia S.A.,999122678-3,Textil,,3535000000,Barranquilla,COSTA,lista,"Empresa familiar, decide el dueño directamente.",en_gestion,2026-03-06,129,128,128,trim_unicode_nfc,False,Manufacturas Puerto Colombia S.A.,Manufacturas Puerto Colombia S.A.,trim_unicode_nfc,False,999122678-3,9991226783,nit_remove_formatting,False,Textil,textil,trim_unicode_casefold,False,,,missing,False,3535000000,3535000000,nonnegative_decimal,False,Barranquilla,Barranquilla,trim_unicode_nfc,False,COSTA,Costa,explicit_zone_alias,False,lista,lista,trim_unicode_casefold,False,"Empresa familiar, decide el dueño directamente.","Empresa familiar, decide el dueño directamente.",trim_unicode_nfc,False,en_gestion,en_gestion,trim_casefold_status,False,2026-03-06,2026-03-06,iso_date,False
129,Textiles Zipaquirá S.A.S.,924793993-8,Agroindustria,180,3350000000,Rionegro,antioquia,lista,"Está comparando tres propuestas, decide este mes.",en_gestion,2026-08-05,130,129,129,trim_unicode_nfc,False,Textiles Zipaquirá S.A.S.,Textiles Zipaquirá S.A.S.,trim_unicode_nfc,False,924793993-8,9247939938,nit_remove_formatting,False,Agroindustria,agroindustria,trim_unicode_casefold,False,180,180,nonnegative_decimal,False,3350000000,3350000000,nonnegative_decimal,False,Rionegro,Rionegro,trim_unicode_nfc,False,antioquia,Antioquia,explicit_zone_alias,False,lista,lista,trim_unicode_casefold,False,"Está comparando tres propuestas, decide este mes.","Está comparando tres propuestas, decide este mes.",trim_unicode_nfc,False,en_gestion,en_gestion,trim_casefold_status,False,2026-08-05,2026-08-05,iso_date,False
130,Inversiones Andina S. en C.,943652889-5,Metalmecánica,260,10343000000,Palmira,Occidente,lista,"Empresa familiar, decide el dueño directamente.",descartado,2026-05-08,131,130,130,trim_unicode_nfc,False,Inversiones Andina S. en C.,Inversiones Andina S. en C.,trim_unicode_nfc,False,943652889-5,9436528895,nit_remove_formatting,False,Metalmecánica,metalmecánica,trim_unicode_casefold,False,260,260,nonnegative_decimal,False,10343000000,10343000000,nonnegative_decimal,False,Palmira,Palmira,trim_unicode_nfc,False,Occidente,Occidente,explicit_zone_alias,False,lista,lista,trim_unicode_casefold,False,"Empresa familiar, decide el dueño directamente.","Empresa familiar, decide el dueño directamente.",trim_unicode_nfc,False,descartado,descartado,trim_casefold_status,False,2026-05-08,2026-05-08,iso_date,False
131,Soluciones Santa Bárbara Ltda.,987307044-1,Tecnología,2100,103772000000,Bogotá,,referido,Tiene contrato vigente con otro proveedor hasta diciembre.,asignado,2026-02-23,132,131,131,trim_unicode_nfc,False,Soluciones Santa Bárbara Ltda.,Soluciones Santa Bárbara Ltda.,trim_unicode_nfc,False,987307044-1,9873070441,nit_remove_formatting,False,Tecnología,tecnología,trim_unicode_casefold,False,2100,2100,nonnegative_decimal,False,103772000000,103772000000,nonnegative_decimal,False,Bogotá,Bogotá,trim_unicode_nfc,False,,,missing,False,referido,referido,trim_unicode_casefold,False,Tiene contrato vigente con otro proveedor hasta diciembre.,Tiene contrato vigente con otro proveedor hasta diciembre.,trim_unicode_nfc,False,asignado,asignado,trim_casefold_status,False,2026-02-23,2026-02-23,iso_date,False
132,Transportes Ecoandes S.A.,979914468-7,Transporte y logística,2100,77534000000,Barranquilla,COSTA,web,Insistió en hablar con alguien senior.,descartado,2026-03-14,133,132,132,trim_unicode_nfc,False,Transportes Ecoandes S.A.,Transportes Ecoandes S.A.,trim_unicode_nfc,False,979914468-7,9799144687,nit_remove_formatting,False,Transporte y logística,transporte y logística,trim_unicode_casefold,False,2100,2100,nonnegative_decimal,False,77534000000,77534000000,nonnegative_decimal,False,Barranquilla,Barranquilla,trim_unicode_nfc,False,COSTA,Costa,explicit_zone_alias,False,web,web,trim_unicode_casefold,False,Insistió en hablar con alguien senior.,Insistió en hablar con alguien senior.,trim_unicode_nfc,False,descartado,descartado,trim_casefold_status,False,2026-03-14,2026-03-14,iso_date,False
133,Comercializadora La Esperanza S.A.S.,997642854-5,Educación,420,52735000000,Manizales,Occidente,referido,Solicitó información de eficiencia energética para planta nueva.,asignado,2026-06-27,134,133,133,trim_unicode_nfc,False,Comercializadora La Esperanza S.A.S.,Comercializadora La Esperanza S.A.S.,trim_unicode_nfc,False,997642854-5,9976428545,nit_remove_formatting,False,Educación,educación,trim_unicode_casefold,False,420,420,nonnegative_decimal,False,52735000000,52735000000,nonnegative_decimal,False,Manizales,Manizales,trim_unicode_nfc,False,Occidente,Occidente,explicit_zone_alias,False,referido,referido,trim_unicode_casefold,False,Solicitó información de eficiencia energética para planta nueva.,Solicitó información de eficiencia energética para planta nueva.,trim_unicode_nfc,False,asignado,asignado,trim_casefold_status,False,2026-06-27,2026-06-27,iso_date,False
134,Suministros Puerto Colombia S.A.S.,985249869-1,Alimentos y bebidas,80,17027000000,Cali,Occidente,campaña,"Empresa familiar, decide el dueño directamente.",descartado,2026-02-22,135,134,134,trim_unicode_nfc,False,Suministros Puerto Colombia S.A.S.,Suministros Puerto Colombia S.A.S.,trim_unicode_nfc,False,985249869-1,9852498691,nit_remove_formatting,False,Alimentos y bebidas,alimentos y bebidas,trim_unicode_casefold,False,80,80,nonnegative_decimal,False,17027000000,17027000000,nonnegative_decimal,False,Cali,Cali,trim_unicode_nfc,False,Occidente,Occidente,explicit_zone_alias,False,campaña,campaña,trim_unicode_casefold,False,"Empresa familiar, decide el dueño directamente.","Empresa familiar, decide el dueño directamente.",trim_unicode_nfc,False,descartado,descartado,trim_casefold_status,False,2026-02-22,2026-02-22,iso_date,False
135,Textiles El Dorado S.A.,968771901-2,Inmobiliario,2100,58860000000,Rionegro,Antioquia,evento,,en_gestion,2026-03-19,136,135,135,trim_unicode_nfc,False,Textiles El Dorado S.A.,Textiles El Dorado S.A.,trim_unicode_nfc,False,968771901-2,9687719012,nit_remove_formatting,False,Inmobiliario,inmobiliario,trim_unicode_casefold,False,2100,2100,nonnegative_decimal,False,58860000000,58860000000,nonnegative_decimal,False,Rionegro,Rionegro,trim_unicode_nfc,False,Antioquia,Antioquia,explicit_zone_alias,False,evento,evento,trim_unicode_casefold,False,,,missing,False,en_gestion,en_gestion,trim_casefold_status,False,2026-03-19,2026-03-19,iso_date,False
136,Industrias Pacífico Sur Ltda.,921635922-9,Manufactura,8,935000000,Chía,CENTRO,evento,Lo refirió el gerente de una cuenta actual.,asignado,2026-08-06,137,136,136,trim_unicode_nfc,False,Industrias Pacífico Sur Ltda.,Industrias Pacífico Sur Ltda.,trim_unicode_nfc,False,921635922-9,9216359229,nit_remove_formatting,False,Manufactura,manufactura,trim_unicode_casefold,False,8,8,nonnegative_decimal,False,935000000,935000000,nonnegative_decimal,False,Chía,Chía,trim_unicode_nfc,False,CENTRO,Centro,explicit_zone_alias,False,evento,evento,trim_unicode_casefold,False,Lo refirió el gerente de una cuenta actual.,Lo refirió el gerente de una cuenta actual.,trim_unicode_nfc,False,asignado,asignado,trim_casefold_status,False,2026-08-06,2026-08-06,iso_date,False
137,Suministros Tequendama S.A.S.,986075616-0,Inmobiliario,2100,98513000000,Cartagena,COSTA,web,Tiene contrato vigente con otro proveedor hasta diciembre.,descartado,2026-07-30,138,137,137,trim_unicode_nfc,False,Suministros Tequendama S.A.S.,Suministros Tequendama S.A.S.,trim_unicode_nfc,False,986075616-0,9860756160,nit_remove_formatting,False,Inmobiliario,inmobiliario,trim_unicode_casefold,False,2100,2100,nonnegative_decimal,False,98513000000,98513000000,nonnegative_decimal,False,Cartagena,Cartagena,trim_unicode_nfc,False,COSTA,Costa,explicit_zone_alias,False,web,web,trim_unicode_casefold,False,Tiene contrato vigente con otro proveedor hasta diciembre.,Tiene contrato vigente con otro proveedor hasta diciembre.,trim_unicode_nfc,False,descartado,descartado,trim_casefold_status,False,2026-07-30,2026-07-30,iso_date,False
138,Suministros El Dorado S. en C.,989442962-1,Textil,1400,51945000000,Rionegro,ANT,evento,"Registro cargado desde base comprada, sin validar.",en_gestion,2026-07-16,139,138,138,trim_unicode_nfc,False,Suministros El Dorado S. en C.,Suministros El Dorado S. en C.,trim_unicode_nfc,False,989442962-1,9894429621,nit_remove_formatting,False,Textil,textil,trim_unicode_casefold,False,1400,1400,nonnegative_decimal,False,51945000000,51945000000,nonnegative_decimal,False,Rionegro,Rionegro,trim_unicode_nfc,False,ANT,Antioquia,explicit_zone_alias,False,evento,evento,trim_unicode_casefold,False,"Registro cargado desde base comprada, sin validar.","Registro cargado desde base comprada, sin validar.",trim_unicode_nfc,False,en_gestion,en_gestion,trim_casefold_status,False,2026-07-16,2026-07-16,iso_date,False
139,Comercializadora Tequendama S.A.S.,930837795-7,Agroindustria,55,15692000000,Sincelejo,COSTA,web,"Quiere propuesta para siete sedes, no para una.",asignado,2026-06-08,140,139,139,trim_unicode_nfc,False,Comercializadora Tequendama S.A.S.,Comercializadora Tequendama S.A.S.,trim_unicode_nfc,False,930837795-7,9308377957,nit_remove_formatting,False,Agroindustria,agroindustria,trim_unicode_casefold,False,55,55,nonnegative_decimal,False,15692000000,15692000000,nonnegative_decimal,False,Sincelejo,Sincelejo,trim_unicode_nfc,False,COSTA,Costa,explicit_zone_alias,False,web,web,trim_unicode_casefold,False,"Quiere propuesta para siete sedes, no para una.","Quiere propuesta para siete sedes, no para una.",trim_unicode_nfc,False,asignado,asignado,trim_casefold_status,False,2026-06-08,2026-06-08,iso_date,False
140,Soluciones Andina S.A.S.,982803777-0,Inmobiliario,650,110831000000,Cali,Occidente,evento,"Correo rebotado, el celular sí contesta.",en_gestion,2026-08-11,141,140,140,trim_unicode_nfc,False,Soluciones Andina S.A.S.,Soluciones Andina S.A.S.,trim_unicode_nfc,False,982803777-0,9828037770,nit_remove_formatting,False,Inmobiliario,inmobiliario,trim_unicode_casefold,False,650,650,nonnegative_decimal,False,110831000000,110831000000,nonnegative_decimal,False,Cali,Cali,trim_unicode_nfc,False,Occidente,Occidente,explicit_zone_alias,False,evento,evento,trim_unicode_casefold,False,"Correo rebotado, el celular sí contesta.","Correo rebotado, el celular sí contesta.",trim_unicode_nfc,False,en_gestion,en_gestion,trim_casefold_status,False,2026-08-11,2026-08-11,iso_date,False
141,Textiles San Rafael S.A.S.,976803309-1,Textil,420,67468000000,Itagüí,Antioquia,campaña,"Registro cargado desde base comprada, sin validar.",en_gestion,2026-09-13,142,141,141,trim_unicode_nfc,False,Textiles San Rafael S.A.S.,Textiles San Rafael S.A.S.,trim_unicode_nfc,False,976803309-1,9768033091,nit_remove_formatting,False,Textil,textil,trim_unicode_casefold,False,420,420,nonnegative_decimal,False,67468000000,67468000000,nonnegative_decimal,False,Itagüí,Itagüí,trim_unicode_nfc,False,Antioquia,Antioquia,explicit_zone_alias,False,campaña,campaña,trim_unicode_casefold,False,"Registro cargado desde base comprada, sin validar.","Registro cargado desde base comprada, sin validar.",trim_unicode_nfc,False,en_gestion,en_gestion,trim_casefold_status,False,2026-09-13,2026-09-13,iso_date,False
142,Servicios Girardot S. en C.,943511087-5,Transporte y logística,,10853000000,Pereira,Occidente ,lista,"Ya fue cliente en 2023, se retiró por precio.",descartado,2026-04-30,143,142,142,trim_unicode_nfc,False,Servicios Girardot S. en C.,Servicios Girardot S. en C.,trim_unicode_nfc,False,943511087-5,9435110875,nit_remove_formatting,False,Transporte y logística,transporte y logística,trim_unicode_casefold,False,,,missing,False,10853000000,10853000000,nonnegative_decimal,False,Pereira,Pereira,trim_unicode_nfc,False,Occidente ,Occidente,explicit_zone_alias,False,lista,lista,trim_unicode_casefold,False,"Ya fue cliente en 2023, se retiró por precio.","Ya fue cliente en 2023, se retiró por precio.",trim_unicode_nfc,False,descartado,descartado,trim_casefold_status,False,2026-04-30,2026-04-30,iso_date,False
143,Inversiones Puerto Colombia Ltda.,912366364-4,Inmobiliario,120,5259000000,Montería,costa,web,"Quiere propuesta para siete sedes, no para una.",en_gestion,2026-05-14,144,143,143,trim_unicode_nfc,False,Inversiones Puerto Colombia Ltda.,Inversiones Puerto Colombia Ltda.,trim_unicode_nfc,False,912366364-4,9123663644,nit_remove_formatting,False,Inmobiliario,inmobiliario,trim_unicode_casefold,False,120,120,nonnegative_decimal,False,5259000000,5259000000,nonnegative_decimal,False,Montería,Montería,trim_unicode_nfc,False,costa,Costa,explicit_zone_alias,False,web,web,trim_unicode_casefold,False,"Quiere propuesta para siete sedes, no para una.","Quiere propuesta para siete sedes, no para una.",trim_unicode_nfc,False,en_gestion,en_gestion,trim_casefold_status,False,2026-05-14,2026-05-14,iso_date,False
144,Transportes El Dorado S. en C.,988262707-0,Agroindustria,55,17060000000,Rionegro,ANT,referido,Tiene contrato vigente con otro proveedor hasta diciembre.,en_gestion,2026-04-29,145,144,144,trim_unicode_nfc,False,Transportes El Dorado S. en C.,Transportes El Dorado S. en C.,trim_unicode_nfc,False,988262707-0,9882627070,nit_remove_formatting,False,Agroindustria,agroindustria,trim_unicode_casefold,False,55,55,nonnegative_decimal,False,17060000000,17060000000,nonnegative_decimal,False,Rionegro,Rionegro,trim_unicode_nfc,False,ANT,Antioquia,explicit_zone_alias,False,referido,referido,trim_unicode_casefold,False,Tiene contrato vigente con otro proveedor hasta diciembre.,Tiene contrato vigente con otro proveedor hasta diciembre.,trim_unicode_nfc,False,en_gestion,en_gestion,trim_casefold_status,False,2026-04-29,2026-04-29,iso_date,False
145,Distribuidora Bolívar S. en C.,989666117-9,Salud,40,808000000,Rionegro,Antioquia,campaña,Tiene contrato vigente con otro proveedor hasta diciembre.,descartado,2026-03-03,146,145,145,trim_unicode_nfc,False,Distribuidora Bolívar S. en C.,Distribuidora Bolívar S. en C.,trim_unicode_nfc,False,989666117-9,9896661179,nit_remove_formatting,False,Salud,salud,trim_unicode_casefold,False,40,40,nonnegative_decimal,False,808000000,808000000,nonnegative_decimal,False,Rionegro,Rionegro,trim_unicode_nfc,False,Antioquia,Antioquia,explicit_zone_alias,False,campaña,campaña,trim_unicode_casefold,False,Tiene contrato vigente con otro proveedor hasta diciembre.,Tiene contrato vigente con otro proveedor hasta diciembre.,trim_unicode_nfc,False,descartado,descartado,trim_casefold_status,False,2026-03-03,2026-03-03,iso_date,False
146,Transportes Chicamocha Ltda.,913327520-4,Inmobiliario,2100,67820000000,Bucaramanga,CENTRO,web,Tiene contrato vigente con otro proveedor hasta diciembre.,en_gestion,2026-05-08,147,146,146,trim_unicode_nfc,False,Transportes Chicamocha Ltda.,Transportes Chicamocha Ltda.,trim_unicode_nfc,False,913327520-4,9133275204,nit_remove_formatting,False,Inmobiliario,inmobiliario,trim_unicode_casefold,False,2100,2100,nonnegative_decimal,False,67820000000,67820000000,nonnegative_decimal,False,Bucaramanga,Bucaramanga,trim_unicode_nfc,False,CENTRO,Centro,explicit_zone_alias,False,web,web,trim_unicode_casefold,False,Tiene contrato vigente con otro proveedor hasta diciembre.,Tiene contrato vigente con otro proveedor hasta diciembre.,trim_unicode_nfc,False,en_gestion,en_gestion,trim_casefold_status,False,2026-05-08,2026-05-08,iso_date,False
147,Textiles Tequendama S.A.S.,909648388-8,Minería,120,8820000000,Bogotá,Bogotá,campaña,"Dejó los datos en el stand de la feria, mostró poco interés.",asignado,2026-04-15,148,147,147,trim_unicode_nfc,False,Textiles Tequendama S.A.S.,Textiles Tequendama S.A.S.,trim_unicode_nfc,False,909648388-8,9096483888,nit_remove_formatting,False,Minería,minería,trim_unicode_casefold,False,120,120,nonnegative_decimal,False,8820000000,8820000000,nonnegative_decimal,False,Bogotá,Bogotá,trim_unicode_nfc,False,Bogotá,Centro,explicit_zone_alias,False,campaña,campaña,trim_unicode_casefold,False,"Dejó los datos en el stand de la feria, mostró poco interés.","Dejó los datos en el stand de la feria, mostró poco interés.",trim_unicode_nfc,False,asignado,asignado,trim_casefold_status,False,2026-04-15,2026-04-15,iso_date,False
148,Textiles Chicamocha S.A.,931872080-4,Tecnología,80,7020000000,Medellín,Antioquia,evento,"Registro cargado desde base comprada, sin validar.",asignado,2026-08-02,149,148,148,trim_unicode_nfc,False,Textiles Chicamocha S.A.,Textiles Chicamocha S.A.,trim_unicode_nfc,False,931872080-4,9318720804,nit_remove_formatting,False,Tecnología,tecnología,trim_unicode_casefold,False,80,80,nonnegative_decimal,False,7020000000,7020000000,nonnegative_decimal,False,Medellín,Medellín,trim_unicode_nfc,False,Antioquia,Antioquia,explicit_zone_alias,False,evento,evento,trim_unicode_casefold,False,"Registro cargado desde base comprada, sin validar.","Registro cargado desde base comprada, sin validar.",trim_unicode_nfc,False,asignado,asignado,trim_casefold_status,False,2026-08-02,2026-08-02,iso_date,False
149,Inversiones Cafetera Ltda.,927301428-8,Alimentos y bebidas,900,63612000000,Santa Marta,COSTA,lista,"Empresa familiar, decide el dueño directamente.",descartado,2026-06-05,150,149,149,trim_unicode_nfc,False,Inversiones Cafetera Ltda.,Inversiones Cafetera Ltda.,trim_unicode_nfc,False,927301428-8,9273014288,nit_remove_formatting,False,Alimentos y bebidas,alimentos y bebidas,trim_unicode_casefold,False,900,900,nonnegative_decimal,False,63612000000,63612000000,nonnegative_decimal,False,Santa Marta,Santa Marta,trim_unicode_nfc,False,COSTA,Costa,explicit_zone_alias,False,lista,lista,trim_unicode_casefold,False,"Empresa familiar, decide el dueño directamente.","Empresa familiar, decide el dueño directamente.",trim_unicode_nfc,False,descartado,descartado,trim_casefold_status,False,2026-06-05,2026-06-05,iso_date,False
150,Industrias Orinoquía S.A.,955783089-2,Salud,18,2273000000,Montería,COSTA,lista,"Registro cargado desde base comprada, sin validar.",en_gestion,2026-05-29,151,150,150,trim_unicode_nfc,False,Industrias Orinoquía S.A.,Industrias Orinoquía S.A.,trim_unicode_nfc,False,955783089-2,9557830892,nit_remove_formatting,False,Salud,salud,trim_unicode_casefold,False,18,18,nonnegative_decimal,False,2273000000,2273000000,nonnegative_decimal,False,Montería,Montería,trim_unicode_nfc,False,COSTA,Costa,explicit_zone_alias,False,lista,lista,trim_unicode_casefold,False,"Registro cargado desde base comprada, sin validar.","Registro cargado desde base comprada, sin validar.",trim_unicode_nfc,False,en_gestion,en_gestion,trim_casefold_status,False,2026-05-29,2026-05-29,iso_date,False
151,Servicios El Dorado S.A.,908912305-5,Metalmecánica,2100,78142000000,Medellín,Antioquia,campaña,"Empresa familiar, decide el dueño directamente.",en_gestion,2026-05-15,152,151,151,trim_unicode_nfc,False,Servicios El Dorado S.A.,Servicios El Dorado S.A.,trim_unicode_nfc,False,908912305-5,9089123055,nit_remove_formatting,False,Metalmecánica,metalmecánica,trim_unicode_casefold,False,2100,2100,nonnegative_decimal,False,78142000000,78142000000,nonnegative_decimal,False,Medellín,Medellín,trim_unicode_nfc,False,Antioquia,Antioquia,explicit_zone_alias,False,campaña,campaña,trim_unicode_casefold,False,"Empresa familiar, decide el dueño directamente.","Empresa familiar, decide el dueño directamente.",trim_unicode_nfc,False,en_gestion,en_gestion,trim_casefold_status,False,2026-05-15,2026-05-15,iso_date,False
152,Alimentos Puerto Colombia S.A.S.,986113293-8,Alimentos y bebidas,2100,18476000000,Sincelejo,Costa,evento,"Correo rebotado, el celular sí contesta.",en_gestion,2026-03-14,153,152,152,trim_unicode_nfc,False,Alimentos Puerto Colombia S.A.S.,Alimentos Puerto Colombia S.A.S.,trim_unicode_nfc,False,986113293-8,9861132938,nit_remove_formatting,False,Alimentos y bebidas,alimentos y bebidas,trim_unicode_casefold,False,2100,2100,nonnegative_decimal,False,18476000000,18476000000,nonnegative_decimal,False,Sincelejo,Sincelejo,trim_unicode_nfc,False,Costa,Costa,explicit_zone_alias,False,evento,evento,trim_unicode_casefold,False,"Correo rebotado, el celular sí contesta.","Correo rebotado, el celular sí contesta.",trim_unicode_nfc,False,en_gestion,en_gestion,trim_casefold_status,False,2026-03-14,2026-03-14,iso_date,False
153,Transportes Los Nevados S. en C.,970263385-3,Salud,260,8105000000,Rionegro,Antioquia,referido,"Ya fue cliente en 2023, se retiró por precio.",en_gestion,2026-09-05,154,153,153,trim_unicode_nfc,False,Transportes Los Nevados S. en C.,Transportes Los Nevados S. en C.,trim_unicode_nfc,False,970263385-3,9702633853,nit_remove_formatting,False,Salud,salud,trim_unicode_casefold,False,260,260,nonnegative_decimal,False,8105000000,8105000000,nonnegative_decimal,False,Rionegro,Rionegro,trim_unicode_nfc,False,Antioquia,Antioquia,explicit_zone_alias,False,referido,referido,trim_unicode_casefold,False,"Ya fue cliente en 2023, se retiró por precio.","Ya fue cliente en 2023, se retiró por precio.",trim_unicode_nfc,False,en_gestion,en_gestion,trim_casefold_status,False,2026-09-05,2026-09-05,iso_date,False
154,Grupo San Rafael S. en C.,901616024-3,Salud,25,736000000,Bucaramanga,Bogotá,referido,"Ya fue cliente en 2023, se retiró por precio.",asignado,2026-07-21,155,154,154,trim_unicode_nfc,False,Grupo San Rafael S. en C.,Grupo San Rafael S. en C.,trim_unicode_nfc,False,901616024-3,9016160243,nit_remove_formatting,False,Salud,salud,trim_unicode_casefold,False,25,25,nonnegative_decimal,False,736000000,736000000,nonnegative_decimal,False,Bucaramanga,Bucaramanga,trim_unicode_nfc,False,Bogotá,Centro,explicit_zone_alias,False,referido,referido,trim_unicode_casefold,False,"Ya fue cliente en 2023, se retiró por precio.","Ya fue cliente en 2023, se retiró por precio.",trim_unicode_nfc,False,asignado,asignado,trim_casefold_status,False,2026-07-21,2026-07-21,iso_date,False
155,Soluciones San Rafael S.A.S.,955331747-7,Manufactura,25,2015000000,Cali,Occidente,referido,"Correo rebotado, el celular sí contesta.",descartado,2026-02-28,156,155,155,trim_unicode_nfc,False,Soluciones San Rafael S.A.S.,Soluciones San Rafael S.A.S.,trim_unicode_nfc,False,955331747-7,9553317477,nit_remove_formatting,False,Manufactura,manufactura,trim_unicode_casefold,False,25,25,nonnegative_decimal,False,2015000000,2015000000,nonnegative_decimal,False,Cali,Cali,trim_unicode_nfc,False,Occidente,Occidente,explicit_zone_alias,False,referido,referido,trim_unicode_casefold,False,"Correo rebotado, el celular sí contesta.","Correo rebotado, el celular sí contesta.",trim_unicode_nfc,False,descartado,descartado,trim_casefold_status,False,2026-02-28,2026-02-28,iso_date,False
156,Servicios del Caribe S.A.,931274163-9,Salud,900,23102000000,Cali,Occidente ,referido,Lo refirió el gerente de una cuenta actual.,en_gestion,2026-02-28,157,156,156,trim_unicode_nfc,False,Servicios del Caribe S.A.,Servicios del Caribe S.A.,trim_unicode_nfc,False,931274163-9,9312741639,nit_remove_formatting,False,Salud,salud,trim_unicode_casefold,False,900,900,nonnegative_decimal,False,23102000000,23102000000,nonnegative_decimal,False,Cali,Cali,trim_unicode_nfc,False,Occidente ,Occidente,explicit_zone_alias,False,referido,referido,trim_unicode_casefold,False,Lo refirió el gerente de una cuenta actual.,Lo refirió el gerente de una cuenta actual.,trim_unicode_nfc,False,en_gestion,en_gestion,trim_casefold_status,False,2026-02-28,2026-02-28,iso_date,False
157,Logística La Candelaria S.A.S.,987408217-6,Agroindustria,260,11858000000,Villavicencio,CENTRO,referido,"Quiere propuesta para siete sedes, no para una.",en_gestion,2026-07-19,158,157,157,trim_unicode_nfc,False,Logística La Candelaria S.A.S.,Logística La Candelaria S.A.S.,trim_unicode_nfc,False,987408217-6,9874082176,nit_remove_formatting,False,Agroindustria,agroindustria,trim_unicode_casefold,False,260,260,nonnegative_decimal,False,11858000000,11858000000,nonnegative_decimal,False,Villavicencio,Villavicencio,trim_unicode_nfc,False,CENTRO,Centro,explicit_zone_alias,False,referido,referido,trim_unicode_casefold,False,"Quiere propuesta para siete sedes, no para una.","Quiere propuesta para siete sedes, no para una.",trim_unicode_nfc,False,en_gestion,en_gestion,trim_casefold_status,False,2026-07-19,2026-07-19,iso_date,False
158,Suministros La Candelaria S. en C.,950002299-3,Retail,40,1411000000,Armenia,Occidente,lista,"Quiere propuesta para siete sedes, no para una.",en_gestion,2026-09-15,159,158,158,trim_unicode_nfc,False,Suministros La Candelaria S. en C.,Suministros La Candelaria S. en C.,trim_unicode_nfc,False,950002299-3,9500022993,nit_remove_formatting,False,Retail,retail,trim_unicode_casefold,False,40,40,nonnegative_decimal,False,1411000000,1411000000,nonnegative_decimal,False,Armenia,Armenia,trim_unicode_nfc,False,Occidente,Occidente,explicit_zone_alias,False,lista,lista,trim_unicode_casefold,False,"Quiere propuesta para siete sedes, no para una.","Quiere propuesta para siete sedes, no para una.",trim_unicode_nfc,False,en_gestion,en_gestion,trim_casefold_status,False,2026-09-15,2026-09-15,iso_date,False
159,Textiles del Caribe S.A.,955875727-7,Metalmecánica,80,8480000000,Palmira,occidente,evento,"Registro cargado desde base comprada, sin validar.",asignado,2026-08-11,160,159,159,trim_unicode_nfc,False,Textiles del Caribe S.A.,Textiles del Caribe S.A.,trim_unicode_nfc,False,955875727-7,9558757277,nit_remove_formatting,False,Metalmecánica,metalmecánica,trim_unicode_casefold,False,80,80,nonnegative_decimal,False,8480000000,8480000000,nonnegative_decimal,False,Palmira,Palmira,trim_unicode_nfc,False,occidente,Occidente,explicit_zone_alias,False,evento,evento,trim_unicode_casefold,False,"Registro cargado desde base comprada, sin validar.","Registro cargado desde base comprada, sin validar.",trim_unicode_nfc,False,asignado,asignado,trim_casefold_status,False,2026-08-11,2026-08-11,iso_date,False
160,Suministros Orinoquía S.A.S.,984941390-6,Educación,55,10592000000,Rionegro,Antioquia,evento,"Ya fue cliente en 2023, se retiró por precio.",descartado,2026-04-20,161,160,160,trim_unicode_nfc,False,Suministros Orinoquía S.A.S.,Suministros Orinoquía S.A.S.,trim_unicode_nfc,False,984941390-6,9849413906,nit_remove_formatting,False,Educación,educación,trim_unicode_casefold,False,55,55,nonnegative_decimal,False,10592000000,10592000000,nonnegative_decimal,False,Rionegro,Rionegro,trim_unicode_nfc,False,Antioquia,Antioquia,explicit_zone_alias,False,evento,evento,trim_unicode_casefold,False,"Ya fue cliente en 2023, se retiró por precio.","Ya fue cliente en 2023, se retiró por precio.",trim_unicode_nfc,False,descartado,descartado,trim_casefold_status,False,2026-04-20,2026-04-20,iso_date,False
161,Distribuidora Tequendama S.A.S.,986957756-4,Construcción,80,4339000000,Bogotá,CENTRO,referido,Insistió en hablar con alguien senior.,en_gestion,2026-07-16,162,161,161,trim_unicode_nfc,False,Distribuidora Tequendama S.A.S.,Distribuidora Tequendama S.A.S.,trim_unicode_nfc,False,986957756-4,9869577564,nit_remove_formatting,False,Construcción,construcción,trim_unicode_casefold,False,80,80,nonnegative_decimal,False,4339000000,4339000000,nonnegative_decimal,False,Bogotá,Bogotá,trim_unicode_nfc,False,CENTRO,Centro,explicit_zone_alias,False,referido,referido,trim_unicode_casefold,False,Insistió en hablar con alguien senior.,Insistió en hablar con alguien senior.,trim_unicode_nfc,False,en_gestion,en_gestion,trim_casefold_status,False,2026-07-16,2026-07-16,iso_date,False
162,Servicios Los Nevados S. en C.,922686798-0,Construcción,8,1984000000,Pereira,occidente,campaña,"Está comparando tres propuestas, decide este mes.",asignado,2026-07-07,163,162,162,trim_unicode_nfc,False,Servicios Los Nevados S. en C.,Servicios Los Nevados S. en C.,trim_unicode_nfc,False,922686798-0,9226867980,nit_remove_formatting,False,Construcción,construcción,trim_unicode_casefold,False,8,8,nonnegative_decimal,False,1984000000,1984000000,nonnegative_decimal,False,Pereira,Pereira,trim_unicode_nfc,False,occidente,Occidente,explicit_zone_alias,False,campaña,campaña,trim_unicode_casefold,False,"Está comparando tres propuestas, decide este mes.","Está comparando tres propuestas, decide este mes.",trim_unicode_nfc,False,asignado,asignado,trim_casefold_status,False,2026-07-07,2026-07-07,iso_date,False
163,Distribuidora El Dorado Ltda.,997518845-0,Tecnología,260,7278000000,Cartagena,Costa,campaña,,descartado,2026-05-11,164,163,163,trim_unicode_nfc,False,Distribuidora El Dorado Ltda.,Distribuidora El Dorado Ltda.,trim_unicode_nfc,False,997518845-0,9975188450,nit_remove_formatting,False,Tecnología,tecnología,trim_unicode_casefold,False,260,260,nonnegative_decimal,False,7278000000,7278000000,nonnegative_decimal,False,Cartagena,Cartagena,trim_unicode_nfc,False,Costa,Costa,explicit_zone_alias,False,campaña,campaña,trim_unicode_casefold,False,,,missing,False,descartado,descartado,trim_casefold_status,False,2026-05-11,2026-05-11,iso_date,False
164,Transportes El Poblado S. en C.,956526668-3,Salud,900,116980000000,Cartagena,COSTA,campaña,Solicitó información de eficiencia energética para planta nueva.,en_gestion,2026-04-09,165,164,164,trim_unicode_nfc,False,Transportes El Poblado S. en C.,Transportes El Poblado S. en C.,trim_unicode_nfc,False,956526668-3,9565266683,nit_remove_formatting,False,Salud,salud,trim_unicode_casefold,False,900,900,nonnegative_decimal,False,116980000000,116980000000,nonnegative_decimal,False,Cartagena,Cartagena,trim_unicode_nfc,False,COSTA,Costa,explicit_zone_alias,False,campaña,campaña,trim_unicode_casefold,False,Solicitó información de eficiencia energética para planta nueva.,Solicitó información de eficiencia energética para planta nueva.,trim_unicode_nfc,False,en_gestion,en_gestion,trim_casefold_status,False,2026-04-09,2026-04-09,iso_date,False
165,Comercializadora Andina S.A.S.,955278388-6,Salud,40,2156000000,Palmira,Occidente ,lista,"Posible duplicado, entró por otra fuente.",nuevo,2026-09-10,166,165,165,trim_unicode_nfc,False,Comercializadora Andina S.A.S.,Comercializadora Andina S.A.S.,trim_unicode_nfc,False,955278388-6,9552783886,nit_remove_formatting,False,Salud,salud,trim_unicode_casefold,False,40,40,nonnegative_decimal,False,2156000000,2156000000,nonnegative_decimal,False,Palmira,Palmira,trim_unicode_nfc,False,Occidente ,Occidente,explicit_zone_alias,False,lista,lista,trim_unicode_casefold,False,"Posible duplicado, entró por otra fuente.","Posible duplicado, entró por otra fuente.",trim_unicode_nfc,False,nuevo,nuevo,trim_casefold_status,False,2026-09-10,2026-09-10,iso_date,False
166,Inversiones El Poblado Ltda.,950445842-8,Alimentos y bebidas,55,8320000000,Manizales,Occidente ,lista,"Posible duplicado, entró por otra fuente.",nuevo,2026-09-15,167,166,166,trim_unicode_nfc,False,Inversiones El Poblado Ltda.,Inversiones El Poblado Ltda.,trim_unicode_nfc,False,950445842-8,9504458428,nit_remove_formatting,False,Alimentos y bebidas,alimentos y bebidas,trim_unicode_casefold,False,55,55,nonnegative_decimal,False,8320000000,8320000000,nonnegative_decimal,False,Manizales,Manizales,trim_unicode_nfc,False,Occidente ,Occidente,explicit_zone_alias,False,lista,lista,trim_unicode_casefold,False,"Posible duplicado, entró por otra fuente.","Posible duplicado, entró por otra fuente.",trim_unicode_nfc,False,nuevo,nuevo,trim_casefold_status,False,2026-09-15,2026-09-15,iso_date,False
167,Transportes Caribe Azul S.A.,982752478-1,Alimentos y bebidas,18,1854000000,Bogotá,Bogotá,lista,"Posible duplicado, entró por otra fuente.",nuevo,2026-09-11,168,167,167,trim_unicode_nfc,False,Transportes Caribe Azul S.A.,Transportes Caribe Azul S.A.,trim_unicode_nfc,False,982752478-1,9827524781,nit_remove_formatting,False,Alimentos y bebidas,alimentos y bebidas,trim_unicode_casefold,False,18,18,nonnegative_decimal,False,1854000000,1854000000,nonnegative_decimal,False,Bogotá,Bogotá,trim_unicode_nfc,False,Bogotá,Centro,explicit_zone_alias,False,lista,lista,trim_unicode_casefold,False,"Posible duplicado, entró por otra fuente.","Posible duplicado, entró por otra fuente.",trim_unicode_nfc,False,nuevo,nuevo,trim_casefold_status,False,2026-09-11,2026-09-11,iso_date,False
